,Customer ID,Gender,DOB,Age,Age Range,Work Activity,Income,Income Range,Marital Status,Habitation,Trans Description,Trans Amount,Trans Date,Trans Category,Bank Branch,Account Type,Account Balance,Currency,Account Balance Range,Clusters,Clusters Category,Income Order,Account Balance Range Order,Age Range Order,Habitation Order,Marital Status Order
0,fe51c153-fbec-4b64-9b00-2530035ef0e1_981fa431-f4af-4877-b429-228a851fab80,Male,1996-10-21,25,20 - 29,parttime,15695.79,10K - 20K,Single,With Parent,ADP PMT 98930808,6278.32,2018-03-01,Income,1354,DDA,12215.43,CAD,10K-20K,3,Cluster 4,2,3,2,1,1
1,fe51c153-fbec-4b64-9b00-2530035ef0e1_981fa431-f4af-4877-b429-228a851fab80,Male,1996-10-21,25,20 - 29,parttime,15695.79,10K - 20K,Single,With Parent,ADP PMT 98930808,6278.32,2018-03-01,Income,1354,SDA,6328.32,CAD,2K-10K,3,Cluster 4,2,2,2,1,1
2,fe51c153-fbec-4b64-9b00-2530035ef0e1_4ee15e88-8702-411b-bc2b-30a1220a3bc0,Male,1935-04-05,86,Above 70,other,25078.9,20K - 30K,Married,With Spouse,GC 2894-TRANSFER,10031.56,2018-03-01,Transfer,658,DDA,4292.99,CAD,2K-10K,4,Cluster 5,3,2,5,2,2
3,fe51c153-fbec-4b64-9b00-2530035ef0e1_4ee15e88-8702-411b-bc2b-30a1220a3bc0,Male,1935-04-05,86,Above 70,other,25078.9,20K - 30K,Married,With Spouse,GC 2894-TRANSFER,10031.56,2018-03-01,Transfer,658,SDA,10231.56,CAD,10K-20K,4,Cluster 5,3,3,5,2,2
4,fe51c153-fbec-4b64-9b00-2530035ef0e1_62d5c5a6-f2a5-461b-aaf2-8f01c110c4e3,Male,1987-12-27,34,30 - 49,parttime,5051.31,Below 10K,Single,With Parent,NSF FEE,48.0,2018-03-31,Transfer,1864,DDA,2904.83,CAD,2K-10K,3,Cluster 4,1,2,3,1,1
5,fe51c153-fbec-4b64-9b00-2530035ef0e1_62d5c5a6-f2a5-461b-aaf2-8f01c110c4e3,Male,1987-12-27,34,30 - 49,parttime,5051.31,Below 10K,Single,With Parent,NSF FEE,48.0,2018-03-31,Transfer,1864,SDA,2070.52,CAD,2K-10K,3,Cluster 4,1,2,3,1,1
6,fe51c153-fbec-4b64-9b00-2530035ef0e1_6ea21394-2bd1-45dc-bfc4-6d4d09932f22,Male,1988-06-10,33,30 - 49,fulltime,30338.55,30K - 40K,Single,other,TORONTO TAX  O83349,1425.0,2018-04-02,Taxes,1592,DDA,8881.84,CAD,2K-10K,1,Cluster 2,4,2,3,4,1
7,fe51c153-fbec-4b64-9b00-2530035ef0e1_6ea21394-2bd1-45dc-bfc4-6d4d09932f22,Male,1988-06-10,33,30 - 49,fulltime,30338.55,30K - 40K,Single,other,TORONTO TAX  O83349,1425.0,2018-04-02,Taxes,1592,SDA,12135.42,CAD,10K-20K,1,Cluster 2,4,3,3,4,1
8,fe51c153-fbec-4b64-9b00-2530035ef0e1_76fdca75-be29-4272-ac7e-12c886411328,Female,1997-06-09,24,20 - 29,parttime,7668.87,Below 10K,Single,With Parent,EMAIL TFR C0***VeZ,34.0,2018-04-03,Transfer,1800,DDA,5928.12,CAD,2K-10K,3,Cluster 4,1,2,2,1,1
9,fe51c153-fbec-4b64-9b00-2530035ef0e1_76fdca75-be29-4272-ac7e-12c886411328,Female,1997-06-09,24,20 - 29,parttime,7668.87,Below 10K,Single,With Parent,EMAIL TFR C0***VeZ,34.0,2018-04-03,Transfer,1800,SDA,3117.54,CAD,2K-10K,3,Cluster 4,1,2,2,1,1
10,fe51c153-fbec-4b64-9b00-2530035ef0e1_d3fbe155-4e85-4386-b1f1-099ec5719d88,Male,1935-09-17,86,Above 70,other,17325.0,10K - 20K,Married,With Spouse,EmTFR  C1***bvZ,200.0,2018-04-03,Transfer,329,DDA,1648.12,CAD,Below 2K,4,Cluster 5,2,1,5,2,2
11,fe51c153-fbec-4b64-9b00-2530035ef0e1_d3fbe155-4e85-4386-b1f1-099ec5719d88,Male,1935-09-17,86,Above 70,other,17325.0,10K - 20K,Married,With Spouse,EmTFR  C1***bvZ,200.0,2018-04-03,Transfer,329,SDA,7130.0,CAD,2K-10K,4,Cluster 5,2,2,5,2,2
12,fe51c153-fbec-4b64-9b00-2530035ef0e1_90956258-90b7-43bf-b776-5013eca80a81,Male,1942-05-07,79,Above 70,other,16877.7,10K - 20K,Married,With Spouse,CANADA CPP 69999348,400.62,2018-04-05,Income,12324,DDA,2335.93,CAD,2K-10K,4,Cluster 5,2,2,5,2,2
13,fe51c153-fbec-4b64-9b00-2530035ef0e1_90956258-90b7-43bf-b776-5013eca80a81,Male,1942-05-07,79,Above 70,other,16877.7,10K - 20K,Married,With Spouse,CANADA CPP 69999348,400.62,2018-04-05,Income,12324,SDA,6951.08,CAD,2K-10K,4,Cluster 5,2,2,5,2,2
14,fe51c153-fbec-4b64-9b00-2530035ef0e1_62d5c5a6-f2a5-461b-aaf2-8f01c110c4e3,Male,1987-12-27,34,30 - 49,parttime,5051.31,Below 10K,Single,With Parent,E TFR C0***ZgB,47.0,2018-04-06,Transfer,1864,DDA,2904.83,CAD,2K-10K,3,Cluster 4,1,2,3,1,1
15,fe51c153-fbec-4b64-9b00-2530035ef0e1_62d5c5a6-f2a5-461b-aaf2-8f01c110c4e3,Male,1987-12-27,34,30 - 49,parttime,5051.31,Below 10K,Single,With Parent,E TFR C0***ZgB,47.0,2018-04-06,Transfer,1864,SDA,2070.52,CAD,2K-10K,3,Cluster 4,1,2,3,1,1
16,fe51c153-fbec-4b64-9b00-2530035ef0e1_0c4ca755-27aa-4ca2-9927-1c08106011b6,Female,1945-04-03,76,Above 70,other,10067.4,10K - 20K,Married,With Spouse,EMAIL TFR C2***eyI,22.0,2018-04-10,Transfer,607,DDA,1097.94,CAD,Below 2K,4,Cluster 5,2,1,5,2,2
17,fe51c153-fbec-4b64-9b00-2530035ef0e1_0c4ca755-27aa-4ca2-9927-1c08106011b6,Female,1945-04-03,76,Above 70,other,10067.4,10K - 20K,Married,With Spouse,EMAIL TFR C2***eyI,22.0,2018-04-10,Transfer,607,SDA,4026.96,CAD,2K-10K,4,Cluster 5,2,2,5,2,2
18,fe51c153-fbec-4b64-9b00-2530035ef0e1_b4de4ec8-092f-4bbf-94fb-845a8b94eb22,Female,1963-06-09,58,50 - 69,parttime,22797.6,20K - 30K,Married,With Spouse,E TFR C2***ZMQ,55.0,2018-04-18,Transfer,1704,DDA,9211.41,CAD,2K-10K,0,Cluster 1,3,2,4,2,2
19,fe51c153-fbec-4b64-9b00-2530035ef0e1_b4de4ec8-092f-4bbf-94fb-845a8b94eb22,Female,1963-06-09,58,50 - 69,parttime,22797.6,20K - 30K,Married,With Spouse,E TFR C2***ZMQ,55.0,2018-04-18,Transfer,1704,SDA,9319.04,CAD,2K-10K,0,Cluster 1,3,2,4,2,2
20,fe51c153-fbec-4b64-9b00-2530035ef0e1_90956258-90b7-43bf-b776-5013eca80a81,Male,1942-05-07,79,Above 70,other,16877.7,10K - 20K,Married,With Spouse,ADP PMT 48690382,248.53,2018-04-19,Income,12324,DDA,2335.93,CAD,2K-10K,4,Cluster 5,2,2,5,2,2
21,fe51c153-fbec-4b64-9b00-2530035ef0e1_90956258-90b7-43bf-b776-5013eca80a81,Male,1942-05-07,79,Above 70,other,16877.7,10K - 20K,Married,With Spouse,ADP PMT 48690382,248.53,2018-04-19,Income,12324,SDA,6951.08,CAD,2K-10K,4,Cluster 5,2,2,5,2,2
22,fe51c153-fbec-4b64-9b00-2530035ef0e1_bbc8b795-2cdd-462f-b91e-e9b356933943,Female,2002-07-12,19,Below 20,other,0.0,Below 10K,Single,With Parent,STARBUCKS #4711,1.52,2018-04-20,Food and Dining,1923,DDA,33.76,CAD,Below 2K,2,Cluster 3,1,1,1,1,1
23,fe51c153-fbec-4b64-9b00-2530035ef0e1_bbc8b795-2cdd-462f-b91e-e9b356933943,Female,2002-07-12,19,Below 20,other,0.0,Below 10K,Single,With Parent,STARBUCKS #4711,1.52,2018-04-20,Food and Dining,1923,SDA,101.5,CAD,Below 2K,2,Cluster 3,1,1,1,1,1
24,fe51c153-fbec-4b64-9b00-2530035ef0e1_52140c3f-3223-4bf8-8407-c9fbe3cacae2,Male,2002-07-13,19,Below 20,other,0.0,Below 10K,Single,With Parent,NSF FEE,48.0,2018-04-30,Transfer,1800,DDA,23.21,CAD,Below 2K,2,Cluster 3,1,1,1,1,1
25,fe51c153-fbec-4b64-9b00-2530035ef0e1_52140c3f-3223-4bf8-8407-c9fbe3cacae2,Male,2002-07-13,19,Below 20,other,0.0,Below 10K,Single,With Parent,NSF FEE,48.0,2018-04-30,Transfer,1800,SDA,0.0,CAD,Below 2K,2,Cluster 3,1,1,1,1,1
26,fe51c153-fbec-4b64-9b00-2530035ef0e1_a2e21360-fcde-4ae2-b971-7a11d6d28e20,Female,1990-04-03,31,30 - 49,parttime,11145.75,10K - 20K,Married,With Spouse,TORONTO TAX  D78341,1322.0,2018-05-01,Taxes,328,DDA,1245.09,CAD,Below 2K,0,Cluster 1,2,1,3,2,2
27,fe51c153-fbec-4b64-9b00-2530035ef0e1_a2e21360-fcde-4ae2-b971-7a11d6d28e20,Female,1990-04-03,31,30 - 49,parttime,11145.75,10K - 20K,Married,With Spouse,TORONTO TAX  D78341,1322.0,2018-05-01,Taxes,328,SDA,4458.3,CAD,2K-10K,0,Cluster 1,2,2,3,2,2
28,fe51c153-fbec-4b64-9b00-2530035ef0e1_a51a18bc-eedf-44e1-bc3c-8e7855671004,Female,1981-12-25,40,30 - 49,fulltime,43575.0,40K - 70K,Married,With Spouse,ZY580 TFR-TO C/C,908.52,2018-05-01,Transfer,11679,DDA,19948.08,CAD,10K-20K,0,Cluster 1,5,3,3,2,2
29,fe51c153-fbec-4b64-9b00-2530035ef0e1_a51a18bc-eedf-44e1-bc3c-8e7855671004,Female,1981-12-25,40,30 - 49,fulltime,43575.0,40K - 70K,Married,With Spouse,ZY580 TFR-TO C/C,908.52,2018-05-01,Transfer,11679,SDA,17630.0,CAD,10K-20K,0,Cluster 1,5,3,3,2,2
30,fe51c153-fbec-4b64-9b00-2530035ef0e1_65463e4b-9f23-47d3-98e0-4ca9c5bd70a4,Male,1967-01-29,54,50 - 69,fulltime,66894.35,40K - 70K,Married,With Spouse,CHQ#000071-9918291532,2594.0,2018-05-01,Mortgage and Rent,374,DDA,33716.41,CAD,Above 20K,0,Cluster 1,5,4,4,2,2
31,fe51c153-fbec-4b64-9b00-2530035ef0e1_65463e4b-9f23-47d3-98e0-4ca9c5bd70a4,Male,1967-01-29,54,50 - 69,fulltime,66894.35,40K - 70K,Married,With Spouse,CHQ#000071-9918291532,2594.0,2018-05-01,Mortgage and Rent,374,SDA,26957.74,CAD,Above 20K,0,Cluster 1,5,4,4,2,2
32,fe51c153-fbec-4b64-9b00-2530035ef0e1_bfa63a42-30ed-4ef9-a74b-f5de38d7fb5c,Male,1959-07-12,62,50 - 69,fulltime,202904.85,Above 70K,Divorced,other,PROP  9809945 INS,86.6,2018-05-01,Bills and Utilities,507,DDA,15307.54,CAD,10K-20K,1,Cluster 2,6,3,4,4,4
33,fe51c153-fbec-4b64-9b00-2530035ef0e1_bfa63a42-30ed-4ef9-a74b-f5de38d7fb5c,Male,1959-07-12,62,50 - 69,fulltime,202904.85,Above 70K,Divorced,other,PROP  9809945 INS,86.6,2018-05-01,Bills and Utilities,507,SDA,81161.94,CAD,Above 20K,1,Cluster 2,6,4,4,4,4
34,fe51c153-fbec-4b64-9b00-2530035ef0e1_0dff691b-ffab-4a12-a6ca-e647d28c8b00,Female,1997-04-03,24,20 - 29,parttime,3600.96,Below 10K,Single,With Parent,ADP PMT 55095988,138.5,2018-05-03,Income,12934,DDA,2920.85,CAD,2K-10K,3,Cluster 4,1,2,2,1,1
35,fe51c153-fbec-4b64-9b00-2530035ef0e1_0dff691b-ffab-4a12-a6ca-e647d28c8b00,Female,1997-04-03,24,20 - 29,parttime,3600.96,Below 10K,Single,With Parent,ADP PMT 55095988,138.5,2018-05-03,Income,12934,SDA,1490.38,CAD,Below 2K,3,Cluster 4,1,1,2,1,1
36,fe51c153-fbec-4b64-9b00-2530035ef0e1_bcab1703-d13f-49c8-986d-4e4c223b8ec1,Male,1980-09-16,41,30 - 49,fulltime,124518.0,Above 70K,Single,With Parent,ADP PMT 15994699,4789.15,2018-05-03,Income,1967,DDA,94798.45,CAD,Above 20K,1,Cluster 2,6,4,3,1,1
37,fe51c153-fbec-4b64-9b00-2530035ef0e1_bcab1703-d13f-49c8-986d-4e4c223b8ec1,Male,1980-09-16,41,30 - 49,fulltime,124518.0,Above 70K,Single,With Parent,ADP PMT 15994699,4789.15,2018-05-03,Income,1967,SDA,49857.2,CAD,Above 20K,1,Cluster 2,6,4,3,1,1
38,fe51c153-fbec-4b64-9b00-2530035ef0e1_731bd3ac-7c78-4445-a204-70d222ccc7e8,Male,2000-09-18,21,20 - 29,other,0.0,Below 10K,Single,With Parent,STARBUCKS #4276,5.91,2018-05-04,Food and Dining,255,DDA,41.6,CAD,Below 2K,2,Cluster 3,1,1,2,1,1
39,fe51c153-fbec-4b64-9b00-2530035ef0e1_731bd3ac-7c78-4445-a204-70d222ccc7e8,Male,2000-09-18,21,20 - 29,other,0.0,Below 10K,Single,With Parent,STARBUCKS #4276,5.91,2018-05-04,Food and Dining,255,SDA,147.78,CAD,Below 2K,2,Cluster 3,1,1,2,1,1
40,fe51c153-fbec-4b64-9b00-2530035ef0e1_0cd2a306-dd5f-483b-b59b-5f796c78b2d4,Male,2004-07-13,17,Below 20,other,0.0,Below 10K,Single,With Parent,TIM HORTONS #188 _F,4.27,2018-05-10,Food and Dining,12684,DDA,14.27,CAD,Below 2K,2,Cluster 3,1,1,1,1,1
41,fe51c153-fbec-4b64-9b00-2530035ef0e1_0cd2a306-dd5f-483b-b59b-5f796c78b2d4,Male,2004-07-13,17,Below 20,other,0.0,Below 10K,Single,With Parent,TIM HORTONS #188 _F,4.27,2018-05-10,Food and Dining,12684,SDA,102.58,CAD,Below 2K,2,Cluster 3,1,1,1,1,1
42,fe51c153-fbec-4b64-9b00-2530035ef0e1_b81582c7-6800-4591-bab3-9da621008226,Female,1952-07-13,69,50 - 69,fulltime,38778.05,30K - 40K,Divorced,Group,VOICE NETWORK INC.,98.3,2018-05-16,Bills and Utilities,197,DDA,3239.03,CAD,2K-10K,1,Cluster 2,4,2,4,3,4
43,fe51c153-fbec-4b64-9b00-2530035ef0e1_b81582c7-6800-4591-bab3-9da621008226,Female,1952-07-13,69,50 - 69,fulltime,38778.05,30K - 40K,Divorced,Group,VOICE NETWORK INC.,98.3,2018-05-16,Bills and Utilities,197,SDA,15711.22,CAD,10K-20K,1,Cluster 2,4,3,4,3,4
44,fe51c153-fbec-4b64-9b00-2530035ef0e1_894a3dbe-dcd8-4621-87f0-791275bb9c2f,Male,2002-09-17,19,Below 20,other,0.0,Below 10K,Single,With Parent,STARBUCKS #4227,1.24,2018-05-17,Food and Dining,392,DDA,20.29,CAD,Below 2K,2,Cluster 3,1,1,1,1,1
45,fe51c153-fbec-4b64-9b00-2530035ef0e1_894a3dbe-dcd8-4621-87f0-791275bb9c2f,Male,2002-09-17,19,Below 20,other,0.0,Below 10K,Single,With Parent,STARBUCKS #4227,1.24,2018-05-17,Food and Dining,392,SDA,81.26,CAD,Below 2K,2,Cluster 3,1,1,1,1,1
46,fe51c153-fbec-4b64-9b00-2530035ef0e1_35a08194-8a3d-4a2b-81fc-972d30cf6429,Female,1990-04-03,31,30 - 49,parttime,16748.49,10K - 20K,Single,With Spouse,ADP PMT 88269935,644.17,2018-05-17,Income,1857,DDA,8531.45,CAD,2K-10K,3,Cluster 4,2,2,3,2,1
47,fe51c153-fbec-4b64-9b00-2530035ef0e1_35a08194-8a3d-4a2b-81fc-972d30cf6429,Female,1990-04-03,31,30 - 49,parttime,16748.49,10K - 20K,Single,With Spouse,ADP PMT 88269935,644.17,2018-05-17,Income,1857,SDA,6899.4,CAD,2K-10K,3,Cluster 4,2,2,3,2,1
48,fe51c153-fbec-4b64-9b00-2530035ef0e1_bcab1703-d13f-49c8-986d-4e4c223b8ec1,Male,1980-09-16,41,30 - 49,fulltime,124518.0,Above 70K,Single,With Parent,ADP PMT 99964851,4789.15,2018-05-17,Income,1967,DDA,94798.45,CAD,Above 20K,1,Cluster 2,6,4,3,1,1
49,fe51c153-fbec-4b64-9b00-2530035ef0e1_bcab1703-d13f-49c8-986d-4e4c223b8ec1,Male,1980-09-16,41,30 - 49,fulltime,124518.0,Above 70K,Single,With Parent,ADP PMT 99964851,4789.15,2018-05-17,Income,1967,SDA,49857.2,CAD,Above 20K,1,Cluster 2,6,4,3,1,1
50,fe51c153-fbec-4b64-9b00-2530035ef0e1_7ebca576-95e2-4310-a140-f6e211447dd0,Female,2003-11-22,18,Below 20,other,0.0,Below 10K,Single,With Parent,E TFR C0***bwZ,22.0,2018-05-18,Transfer,12676,DDA,59.44,CAD,Below 2K,2,Cluster 3,1,1,1,1,1
51,fe51c153-fbec-4b64-9b00-2530035ef0e1_7ebca576-95e2-4310-a140-f6e211447dd0,Female,2003-11-22,18,Below 20,other,0.0,Below 10K,Single,With Parent,E TFR C0***bwZ,22.0,2018-05-18,Transfer,12676,SDA,148.8,CAD,Below 2K,2,Cluster 3,1,1,1,1,1
52,fe51c153-fbec-4b64-9b00-2530035ef0e1_3a5852d2-3fb6-432f-96b6-afc5475e7fdc,Female,1964-04-05,57,50 - 69,parttime,32065.45,30K - 40K,Married,With Spouse,BELL CANADA D9N8A3,99.7,2018-05-21,Bills and Utilities,1080,DDA,8665.43,CAD,2K-10K,0,Cluster 1,4,2,4,2,2
53,fe51c153-fbec-4b64-9b00-2530035ef0e1_3a5852d2-3fb6-432f-96b6-afc5475e7fdc,Female,1964-04-05,57,50 - 69,parttime,32065.45,30K - 40K,Married,With Spouse,BELL CANADA D9N8A3,99.7,2018-05-21,Bills and Utilities,1080,SDA,13026.18,CAD,10K-20K,0,Cluster 1,4,3,4,2,2
54,fe51c153-fbec-4b64-9b00-2530035ef0e1_d32af736-02c6-4216-aea5-409919921e32,Male,1998-05-08,23,20 - 29,fulltime,21496.53,20K - 30K,Single,other,TIM HORTONS #629 _F,7.26,2018-05-24,Food and Dining,1584,DDA,10800.01,CAD,10K-20K,1,Cluster 2,3,3,2,4,1
55,fe51c153-fbec-4b64-9b00-2530035ef0e1_d32af736-02c6-4216-aea5-409919921e32,Male,1998-05-08,23,20 - 29,fulltime,21496.53,20K - 30K,Single,other,TIM HORTONS #629 _F,7.26,2018-05-24,Food and Dining,1584,SDA,8598.62,CAD,2K-10K,1,Cluster 2,3,2,2,4,1
56,fe51c153-fbec-4b64-9b00-2530035ef0e1_7ebca576-95e2-4310-a140-f6e211447dd0,Female,2003-11-22,18,Below 20,other,0.0,Below 10K,Single,With Parent,TIM HORTONS #489 _F,2.84,2018-05-25,Food and Dining,12676,DDA,59.44,CAD,Below 2K,2,Cluster 3,1,1,1,1,1
57,fe51c153-fbec-4b64-9b00-2530035ef0e1_7ebca576-95e2-4310-a140-f6e211447dd0,Female,2003-11-22,18,Below 20,other,0.0,Below 10K,Single,With Parent,TIM HORTONS #489 _F,2.84,2018-05-25,Food and Dining,12676,SDA,148.8,CAD,Below 2K,2,Cluster 3,1,1,1,1,1
58,fe51c153-fbec-4b64-9b00-2530035ef0e1_6bf634d9-77ca-4541-993f-49a0ecd767ff,Female,2001-06-10,20,20 - 29,other,0.0,Below 10K,Single,With Parent,STARBUCKS #17340,3.11,2018-05-30,Food and Dining,1040,DDA,18.95,CAD,Below 2K,2,Cluster 3,1,1,2,1,1
59,fe51c153-fbec-4b64-9b00-2530035ef0e1_6bf634d9-77ca-4541-993f-49a0ecd767ff,Female,2001-06-10,20,20 - 29,other,0.0,Below 10K,Single,With Parent,STARBUCKS #17340,3.11,2018-05-30,Food and Dining,1040,SDA,25.68,CAD,Below 2K,2,Cluster 3,1,1,2,1,1
60,fe51c153-fbec-4b64-9b00-2530035ef0e1_6fbde79b-e445-4d3d-882d-3bbeb048a184,Female,1988-10-21,33,30 - 49,fulltime,43421.07,40K - 70K,Married,With Spouse,TEKSAVVY Z4N9I8,91.44,2018-05-30,Bills and Utilities,1967,DDA,22283.64,CAD,Above 20K,0,Cluster 1,5,4,3,2,2
61,fe51c153-fbec-4b64-9b00-2530035ef0e1_6fbde79b-e445-4d3d-882d-3bbeb048a184,Female,1988-10-21,33,30 - 49,fulltime,43421.07,40K - 70K,Married,With Spouse,TEKSAVVY Z4N9I8,91.44,2018-05-30,Bills and Utilities,1967,SDA,17568.42,CAD,10K-20K,0,Cluster 1,5,3,3,2,2
62,fe51c153-fbec-4b64-9b00-2530035ef0e1_d32af736-02c6-4216-aea5-409919921e32,Male,1998-05-08,23,20 - 29,fulltime,21496.53,20K - 30K,Single,other,TIM HORTONS #629 _F,2.89,2018-05-31,Food and Dining,1584,DDA,10800.01,CAD,10K-20K,1,Cluster 2,3,3,2,4,1
63,fe51c153-fbec-4b64-9b00-2530035ef0e1_d32af736-02c6-4216-aea5-409919921e32,Male,1998-05-08,23,20 - 29,fulltime,21496.53,20K - 30K,Single,other,TIM HORTONS #629 _F,2.89,2018-05-31,Food and Dining,1584,SDA,8598.62,CAD,2K-10K,1,Cluster 2,3,2,2,4,1
64,fe51c153-fbec-4b64-9b00-2530035ef0e1_1d8ed6e0-ff3e-4f0d-9442-dcb94e88025a,Female,1997-11-23,24,20 - 29,fulltime,24129.27,20K - 30K,Single,other,ADP PMT 71843299,1923.08,2018-05-31,Income,1800,DDA,31421.76,CAD,Above 20K,1,Cluster 2,3,4,2,4,1
65,fe51c153-fbec-4b64-9b00-2530035ef0e1_1d8ed6e0-ff3e-4f0d-9442-dcb94e88025a,Female,1997-11-23,24,20 - 29,fulltime,24129.27,20K - 30K,Single,other,ADP PMT 71843299,1923.08,2018-05-31,Income,1800,SDA,9651.7,CAD,2K-10K,1,Cluster 2,3,2,2,4,1
66,fe51c153-fbec-4b64-9b00-2530035ef0e1_994bafdf-a40c-4e5b-9c21-5756bf5d2df7,Female,1997-09-17,24,20 - 29,fulltime,30976.77,30K - 40K,Single,Group,ADP PMT 83838956,1191.41,2018-05-31,Income,87,DDA,2158.04,CAD,2K-10K,1,Cluster 2,4,2,2,3,1
67,fe51c153-fbec-4b64-9b00-2530035ef0e1_994bafdf-a40c-4e5b-9c21-5756bf5d2df7,Female,1997-09-17,24,20 - 29,fulltime,30976.77,30K - 40K,Single,Group,ADP PMT 83838956,1191.41,2018-05-31,Income,87,SDA,12590.7,CAD,10K-20K,1,Cluster 2,4,3,2,3,1
68,fe51c153-fbec-4b64-9b00-2530035ef0e1_8aba9e31-8f66-41be-baa4-b37d5c80df66,Male,1994-06-09,27,20 - 29,parttime,17870.49,10K - 20K,Single,other,ADP PMT 81998829,1923.08,2018-05-31,Income,255,DDA,29982.43,CAD,Above 20K,3,Cluster 4,2,4,2,4,1
69,fe51c153-fbec-4b64-9b00-2530035ef0e1_8aba9e31-8f66-41be-baa4-b37d5c80df66,Male,1994-06-09,27,20 - 29,parttime,17870.49,10K - 20K,Single,other,ADP PMT 81998829,1923.08,2018-05-31,Income,255,SDA,7148.2,CAD,2K-10K,3,Cluster 4,2,2,2,4,1
70,fe51c153-fbec-4b64-9b00-2530035ef0e1_458dc8e9-9574-45ad-83d9-68f783652d71,Male,1976-10-21,45,30 - 49,other,0.0,Below 10K,Married,With Spouse,Pay Day Loan PMT,565.07,2018-05-31,Payday Loan,1488,DDA,0.0,CAD,Below 2K,4,Cluster 5,1,1,3,2,2
71,fe51c153-fbec-4b64-9b00-2530035ef0e1_458dc8e9-9574-45ad-83d9-68f783652d71,Male,1976-10-21,45,30 - 49,other,0.0,Below 10K,Married,With Spouse,Pay Day Loan PMT,565.07,2018-05-31,Payday Loan,1488,SDA,0.0,CAD,Below 2K,4,Cluster 5,1,1,3,2,2
72,fe51c153-fbec-4b64-9b00-2530035ef0e1_a715eb84-ef0a-410a-a19e-d534ccd93c6e,Male,1974-09-16,47,30 - 49,fulltime,42291.7,40K - 70K,Divorced,With Spouse,E TFR C2***agy,20.0,2018-05-31,Transfer,375,DDA,22108.47,CAD,Above 20K,0,Cluster 1,5,4,3,2,4
73,fe51c153-fbec-4b64-9b00-2530035ef0e1_a715eb84-ef0a-410a-a19e-d534ccd93c6e,Male,1974-09-16,47,30 - 49,fulltime,42291.7,40K - 70K,Divorced,With Spouse,E TFR C2***agy,20.0,2018-05-31,Transfer,375,SDA,17116.68,CAD,10K-20K,0,Cluster 1,5,3,3,2,4
74,fe51c153-fbec-4b64-9b00-2530035ef0e1_4d23b150-b6e0-4770-81a5-1d56c850edb2,Other,1959-07-12,62,50 - 69,fulltime,76864.85,Above 70K,Married,With Spouse,ADP PMT 64429288,2956.34,2018-05-31,Income,1970,DDA,32144.24,CAD,Above 20K,0,Cluster 1,6,4,4,2,2
75,fe51c153-fbec-4b64-9b00-2530035ef0e1_4d23b150-b6e0-4770-81a5-1d56c850edb2,Other,1959-07-12,62,50 - 69,fulltime,76864.85,Above 70K,Married,With Spouse,ADP PMT 64429288,2956.34,2018-05-31,Income,1970,SDA,30945.94,CAD,Above 20K,0,Cluster 1,6,4,4,2,2
76,fe51c153-fbec-4b64-9b00-2530035ef0e1_210d1d75-d5f6-4d99-a42a-d3a4d32e2bde,Other,1955-12-26,66,50 - 69,fulltime,40049.15,40K - 70K,Married,With Spouse,ADP PMT 76385889,1540.35,2018-05-31,Income,607,DDA,25849.85,CAD,Above 20K,0,Cluster 1,5,4,4,2,2
77,fe51c153-fbec-4b64-9b00-2530035ef0e1_210d1d75-d5f6-4d99-a42a-d3a4d32e2bde,Other,1955-12-26,66,50 - 69,fulltime,40049.15,40K - 70K,Married,With Spouse,ADP PMT 76385889,1540.35,2018-05-31,Income,607,SDA,16219.66,CAD,10K-20K,0,Cluster 1,5,3,4,2,2
78,fe51c153-fbec-4b64-9b00-2530035ef0e1_f4dbce68-43e7-4375-9bc0-d6fd8f2472d8,Male,1988-01-30,33,30 - 49,fulltime,23095.38,20K - 30K,Single,Group,CHQ#000476-1858864935,2625.0,2018-06-01,Mortgage and Rent,1354,DDA,1783.5,CAD,Below 2K,1,Cluster 2,3,1,3,3,1
79,fe51c153-fbec-4b64-9b00-2530035ef0e1_f4dbce68-43e7-4375-9bc0-d6fd8f2472d8,Male,1988-01-30,33,30 - 49,fulltime,23095.38,20K - 30K,Single,Group,CHQ#000476-1858864935,2625.0,2018-06-01,Mortgage and Rent,1354,SDA,9438.16,CAD,2K-10K,1,Cluster 2,3,2,3,3,1
80,fe51c153-fbec-4b64-9b00-2530035ef0e1_b05dae39-bae3-42c6-b0e3-769bfaa5d052,Female,1964-12-26,57,50 - 69,parttime,15567.55,10K - 20K,Divorced,Group,ROGERS CABLE C1L4W9,119.63,2018-06-01,Bills and Utilities,1640,DDA,4121.25,CAD,2K-10K,3,Cluster 4,2,2,4,3,4
81,fe51c153-fbec-4b64-9b00-2530035ef0e1_b05dae39-bae3-42c6-b0e3-769bfaa5d052,Female,1964-12-26,57,50 - 69,parttime,15567.55,10K - 20K,Divorced,Group,ROGERS CABLE C1L4W9,119.63,2018-06-01,Bills and Utilities,1640,SDA,6427.02,CAD,2K-10K,3,Cluster 4,2,2,4,3,4
82,fe51c153-fbec-4b64-9b00-2530035ef0e1_a29e74c8-92d1-46ae-8347-1fc2a4372e30,Female,2004-01-30,17,Below 20,other,0.0,Below 10K,Single,With Parent,H&M CA #905 - TORONTO,21.66,2018-06-04,Shopping,153,DDA,14.22,CAD,Below 2K,2,Cluster 3,1,1,1,1,1
83,fe51c153-fbec-4b64-9b00-2530035ef0e1_a29e74c8-92d1-46ae-8347-1fc2a4372e30,Female,2004-01-30,17,Below 20,other,0.0,Below 10K,Single,With Parent,H&M CA #905 - TORONTO,21.66,2018-06-04,Shopping,153,SDA,108.94,CAD,Below 2K,2,Cluster 3,1,1,1,1,1
84,fe51c153-fbec-4b64-9b00-2530035ef0e1_38cfa5eb-4edf-4ce1-9876-51fcc2f5afd6,Female,2000-12-25,21,20 - 29,other,0.0,Below 10K,Single,With Parent,E TFR C0***zEA,30.0,2018-06-05,Transfer,1512,DDA,31.66,CAD,Below 2K,2,Cluster 3,1,1,2,1,1
85,fe51c153-fbec-4b64-9b00-2530035ef0e1_38cfa5eb-4edf-4ce1-9876-51fcc2f5afd6,Female,2000-12-25,21,20 - 29,other,0.0,Below 10K,Single,With Parent,E TFR C0***zEA,30.0,2018-06-05,Transfer,1512,SDA,26.24,CAD,Below 2K,2,Cluster 3,1,1,2,1,1
86,fe51c153-fbec-4b64-9b00-2530035ef0e1_465e0645-3372-4c51-937d-9b68d7dadb4f,Other,1999-01-28,22,20 - 29,parttime,7935.51,Below 10K,Single,With Parent,STARBUCKS #21589,2.65,2018-06-05,Food and Dining,1198,DDA,5816.62,CAD,2K-10K,3,Cluster 4,1,2,2,1,1
87,fe51c153-fbec-4b64-9b00-2530035ef0e1_465e0645-3372-4c51-937d-9b68d7dadb4f,Other,1999-01-28,22,20 - 29,parttime,7935.51,Below 10K,Single,With Parent,STARBUCKS #21589,2.65,2018-06-05,Food and Dining,1198,SDA,3224.2,CAD,2K-10K,3,Cluster 4,1,2,2,1,1
88,fe51c153-fbec-4b64-9b00-2530035ef0e1_a715eb84-ef0a-410a-a19e-d534ccd93c6e,Male,1974-09-16,47,30 - 49,fulltime,42291.7,40K - 70K,Divorced,With Spouse,BULLFROG PWR ZZ87U0,81.22,2018-06-05,Bills and Utilities,375,DDA,22108.47,CAD,Above 20K,0,Cluster 1,5,4,3,2,4
89,fe51c153-fbec-4b64-9b00-2530035ef0e1_a715eb84-ef0a-410a-a19e-d534ccd93c6e,Male,1974-09-16,47,30 - 49,fulltime,42291.7,40K - 70K,Divorced,With Spouse,BULLFROG PWR ZZ87U0,81.22,2018-06-05,Bills and Utilities,375,SDA,17116.68,CAD,10K-20K,0,Cluster 1,5,3,3,2,4
90,fe51c153-fbec-4b64-9b00-2530035ef0e1_b485d65d-cd29-414b-8a63-0b0250fda046,Female,1947-11-23,74,Above 70,fulltime,36730.8,30K - 40K,Married,With Spouse,MTG CO 804988967,621.18,2018-06-08,Transfer,1795,DDA,15595.92,CAD,10K-20K,0,Cluster 1,4,3,5,2,2
91,fe51c153-fbec-4b64-9b00-2530035ef0e1_b485d65d-cd29-414b-8a63-0b0250fda046,Female,1947-11-23,74,Above 70,fulltime,36730.8,30K - 40K,Married,With Spouse,MTG CO 804988967,621.18,2018-06-08,Transfer,1795,SDA,14892.32,CAD,10K-20K,0,Cluster 1,4,3,5,2,2
92,fe51c153-fbec-4b64-9b00-2530035ef0e1_d32af736-02c6-4216-aea5-409919921e32,Male,1998-05-08,23,20 - 29,fulltime,21496.53,20K - 30K,Single,other,TIM HORTONS #709 _F,2.09,2018-06-13,Food and Dining,1584,DDA,10800.01,CAD,10K-20K,1,Cluster 2,3,3,2,4,1
93,fe51c153-fbec-4b64-9b00-2530035ef0e1_d32af736-02c6-4216-aea5-409919921e32,Male,1998-05-08,23,20 - 29,fulltime,21496.53,20K - 30K,Single,other,TIM HORTONS #709 _F,2.09,2018-06-13,Food and Dining,1584,SDA,8598.62,CAD,2K-10K,1,Cluster 2,3,2,2,4,1
94,fe51c153-fbec-4b64-9b00-2530035ef0e1_1f1cfe19-86f6-43b5-a888-3acb5eddab02,Female,1972-11-23,49,30 - 49,fulltime,365126.3,Above 70K,Single,Group,EMAIL TFR C2***MXR,22.0,2018-06-13,Transfer,337,DDA,249083.28,CAD,Above 20K,1,Cluster 2,6,4,3,3,1
95,fe51c153-fbec-4b64-9b00-2530035ef0e1_1f1cfe19-86f6-43b5-a888-3acb5eddab02,Female,1972-11-23,49,30 - 49,fulltime,365126.3,Above 70K,Single,Group,EMAIL TFR C2***MXR,22.0,2018-06-13,Transfer,337,SDA,146250.52,CAD,Above 20K,1,Cluster 2,6,4,3,3,1
96,fe51c153-fbec-4b64-9b00-2530035ef0e1_16c5ec47-eecb-4d54-a9c2-fc2e36403e89,Female,1931-11-22,90,Above 70,other,86052.4,Above 70K,Widowed,Group,EMAIL TFR C2***ZnS,51.0,2018-06-15,Transfer,32,DDA,88276.62,CAD,Above 20K,4,Cluster 5,6,4,5,3,5
97,fe51c153-fbec-4b64-9b00-2530035ef0e1_16c5ec47-eecb-4d54-a9c2-fc2e36403e89,Female,1931-11-22,90,Above 70,other,86052.4,Above 70K,Widowed,Group,EMAIL TFR C2***ZnS,51.0,2018-06-15,Transfer,32,SDA,34620.96,CAD,Above 20K,4,Cluster 5,6,4,5,3,5
98,fe51c153-fbec-4b64-9b00-2530035ef0e1_a732785f-45e7-407a-b833-9e3a83a3f3bb,Female,2001-01-28,20,20 - 29,other,0.0,Below 10K,Single,With Parent,E TFR C0***zao,30.0,2018-06-26,Transfer,607,DDA,22.92,CAD,Below 2K,2,Cluster 3,1,1,2,1,1
99,fe51c153-fbec-4b64-9b00-2530035ef0e1_a732785f-45e7-407a-b833-9e3a83a3f3bb,Female,2001-01-28,20,20 - 29,other,0.0,Below 10K,Single,With Parent,E TFR C0***zao,30.0,2018-06-26,Transfer,607,SDA,134.22,CAD,Below 2K,2,Cluster 3,1,1,2,1,1
100,fe51c153-fbec-4b64-9b00-2530035ef0e1_49f09068-024b-4c9f-8174-e5c9043e0270,Other,1973-02-28,48,30 - 49,fulltime,41486.5,40K - 70K,Married,With Spouse,ADP PMT 98708888,1595.63,2018-06-28,Income,607,DDA,18611.38,CAD,10K-20K,0,Cluster 1,5,3,3,2,2
101,fe51c153-fbec-4b64-9b00-2530035ef0e1_49f09068-024b-4c9f-8174-e5c9043e0270,Other,1973-02-28,48,30 - 49,fulltime,41486.5,40K - 70K,Married,With Spouse,ADP PMT 98708888,1595.63,2018-06-28,Income,607,SDA,16794.6,CAD,10K-20K,0,Cluster 1,5,3,3,2,2
102,fe51c153-fbec-4b64-9b00-2530035ef0e1_70248bc5-b678-4329-bd3b-6f2828f1f709,Male,1992-02-29,29,20 - 29,parttime,10590.36,10K - 20K,Single,With Parent,NSF FEE,48.0,2018-06-30,Transfer,1195,DDA,7586.71,CAD,2K-10K,3,Cluster 4,2,2,2,1,1
103,fe51c153-fbec-4b64-9b00-2530035ef0e1_70248bc5-b678-4329-bd3b-6f2828f1f709,Male,1992-02-29,29,20 - 29,parttime,10590.36,10K - 20K,Single,With Parent,NSF FEE,48.0,2018-06-30,Transfer,1195,SDA,4286.14,CAD,2K-10K,3,Cluster 4,2,2,2,1,1
104,fe51c153-fbec-4b64-9b00-2530035ef0e1_d32af736-02c6-4216-aea5-409919921e32,Male,1998-05-08,23,20 - 29,fulltime,21496.53,20K - 30K,Single,other,TIM HORTONS #629 _F,6.94,2018-07-03,Food and Dining,1584,DDA,10800.01,CAD,10K-20K,1,Cluster 2,3,3,2,4,1
105,fe51c153-fbec-4b64-9b00-2530035ef0e1_d32af736-02c6-4216-aea5-409919921e32,Male,1998-05-08,23,20 - 29,fulltime,21496.53,20K - 30K,Single,other,TIM HORTONS #629 _F,6.94,2018-07-03,Food and Dining,1584,SDA,8598.62,CAD,2K-10K,1,Cluster 2,3,2,2,4,1
106,fe51c153-fbec-4b64-9b00-2530035ef0e1_269b82c8-7dda-4b7d-a253-44e725024de7,Male,1987-09-17,34,30 - 49,fulltime,28365.81,20K - 30K,Single,other,ZR999 TFR-TO C/C,289.74,2018-07-03,Transfer,658,DDA,31172.69,CAD,Above 20K,1,Cluster 2,3,4,3,4,1
107,fe51c153-fbec-4b64-9b00-2530035ef0e1_269b82c8-7dda-4b7d-a253-44e725024de7,Male,1987-09-17,34,30 - 49,fulltime,28365.81,20K - 30K,Single,other,ZR999 TFR-TO C/C,289.74,2018-07-03,Transfer,658,SDA,11346.32,CAD,10K-20K,1,Cluster 2,3,3,3,4,1
108,fe51c153-fbec-4b64-9b00-2530035ef0e1_b66b6077-4c6e-4e9f-b228-5761c75187c8,Male,1943-01-28,78,Above 70,other,28981.4,20K - 30K,Separated,other,TOR HYD ELEC PZ9899,89.3,2018-07-03,Bills and Utilities,532,DDA,3522.81,CAD,2K-10K,4,Cluster 5,3,2,5,4,3
109,fe51c153-fbec-4b64-9b00-2530035ef0e1_b66b6077-4c6e-4e9f-b228-5761c75187c8,Male,1943-01-28,78,Above 70,other,28981.4,20K - 30K,Separated,other,TOR HYD ELEC PZ9899,89.3,2018-07-03,Bills and Utilities,532,SDA,11592.56,CAD,10K-20K,4,Cluster 5,3,3,5,4,3
110,fe51c153-fbec-4b64-9b00-2530035ef0e1_5f7761cf-090a-468e-b198-f08f05dc5cf3,Male,1933-09-17,88,Above 70,other,15360.8,10K - 20K,Married,With Spouse,E TFR  C0***tzU,50.0,2018-07-03,Transfer,1580,DDA,1729.07,CAD,Below 2K,4,Cluster 5,2,1,5,2,2
111,fe51c153-fbec-4b64-9b00-2530035ef0e1_5f7761cf-090a-468e-b198-f08f05dc5cf3,Male,1933-09-17,88,Above 70,other,15360.8,10K - 20K,Married,With Spouse,E TFR  C0***tzU,50.0,2018-07-03,Transfer,1580,SDA,6144.32,CAD,2K-10K,4,Cluster 5,2,2,5,2,2
112,fe51c153-fbec-4b64-9b00-2530035ef0e1_65d4b89f-7343-4507-91ca-6c5d3df2561d,Female,1979-02-28,42,30 - 49,fulltime,31546.0,30K - 40K,Married,With Spouse,ADP PMT 89887511,1213.31,2018-07-12,Income,1584,DDA,8685.09,CAD,2K-10K,0,Cluster 1,4,2,3,2,2
113,fe51c153-fbec-4b64-9b00-2530035ef0e1_65d4b89f-7343-4507-91ca-6c5d3df2561d,Female,1979-02-28,42,30 - 49,fulltime,31546.0,30K - 40K,Married,With Spouse,ADP PMT 89887511,1213.31,2018-07-12,Income,1584,SDA,12818.4,CAD,10K-20K,0,Cluster 1,4,3,3,2,2
114,fe51c153-fbec-4b64-9b00-2530035ef0e1_65463e4b-9f23-47d3-98e0-4ca9c5bd70a4,Male,1967-01-29,54,50 - 69,fulltime,66894.35,40K - 70K,Married,With Spouse,ADP PMT 27942859,2572.86,2018-07-12,Income,374,DDA,33716.41,CAD,Above 20K,0,Cluster 1,5,4,4,2,2
115,fe51c153-fbec-4b64-9b00-2530035ef0e1_65463e4b-9f23-47d3-98e0-4ca9c5bd70a4,Male,1967-01-29,54,50 - 69,fulltime,66894.35,40K - 70K,Married,With Spouse,ADP PMT 27942859,2572.86,2018-07-12,Income,374,SDA,26957.74,CAD,Above 20K,0,Cluster 1,5,4,4,2,2
116,fe51c153-fbec-4b64-9b00-2530035ef0e1_038a9f5c-a5c9-4425-8127-9e8eaeb8002b,Female,1982-08-16,39,30 - 49,parttime,16890.0,10K - 20K,Single,With Parent,EMAIL TFR C0***XOs,38.0,2018-07-17,Transfer,1844,DDA,11761.23,CAD,10K-20K,3,Cluster 4,2,3,3,1,1
117,fe51c153-fbec-4b64-9b00-2530035ef0e1_038a9f5c-a5c9-4425-8127-9e8eaeb8002b,Female,1982-08-16,39,30 - 49,parttime,16890.0,10K - 20K,Single,With Parent,EMAIL TFR C0***XOs,38.0,2018-07-17,Transfer,1844,SDA,6806.0,CAD,2K-10K,3,Cluster 4,2,2,3,1,1
118,fe51c153-fbec-4b64-9b00-2530035ef0e1_6eb7b8d7-6153-42e9-ac46-82d4c17d7f51,Male,1949-03-01,72,Above 70,fulltime,89070.1,Above 70K,Married,With Spouse,MTG CO 809780096,948.36,2018-07-20,Transfer,1223,DDA,48577.37,CAD,Above 20K,4,Cluster 5,6,4,5,2,2
119,fe51c153-fbec-4b64-9b00-2530035ef0e1_6eb7b8d7-6153-42e9-ac46-82d4c17d7f51,Male,1949-03-01,72,Above 70,fulltime,89070.1,Above 70K,Married,With Spouse,MTG CO 809780096,948.36,2018-07-20,Transfer,1223,SDA,35828.04,CAD,Above 20K,4,Cluster 5,6,4,5,2,2
120,fe51c153-fbec-4b64-9b00-2530035ef0e1_51f5b02d-97aa-4d5b-9eda-20f7e0652ee1,Female,1999-06-09,22,20 - 29,other,0.0,Below 10K,Single,With Parent,OLD NAVY 9193,24.0,2018-07-21,Shopping,1580,DDA,103.08,CAD,Below 2K,2,Cluster 3,1,1,2,1,1
121,fe51c153-fbec-4b64-9b00-2530035ef0e1_51f5b02d-97aa-4d5b-9eda-20f7e0652ee1,Female,1999-06-09,22,20 - 29,other,0.0,Below 10K,Single,With Parent,OLD NAVY 9193,24.0,2018-07-21,Shopping,1580,SDA,65.08,CAD,Below 2K,2,Cluster 3,1,1,2,1,1
122,fe51c153-fbec-4b64-9b00-2530035ef0e1_c40ba0d6-8cb6-4b03-9bf4-285e3dc31c95,Female,1964-05-08,57,50 - 69,fulltime,55204.6,40K - 70K,Widowed,Group,ROGERS CABLE Q7Z8F9,89.74,2018-07-27,Bills and Utilities,1736,DDA,10537.92,CAD,10K-20K,1,Cluster 2,5,3,4,3,5
123,fe51c153-fbec-4b64-9b00-2530035ef0e1_c40ba0d6-8cb6-4b03-9bf4-285e3dc31c95,Female,1964-05-08,57,50 - 69,fulltime,55204.6,40K - 70K,Widowed,Group,ROGERS CABLE Q7Z8F9,89.74,2018-07-27,Bills and Utilities,1736,SDA,22281.84,CAD,Above 20K,1,Cluster 2,5,4,4,3,5
124,fe51c153-fbec-4b64-9b00-2530035ef0e1_1efb5078-25f6-485a-bd2b-397e29410d14,Female,1939-04-03,82,Above 70,other,35385.7,30K - 40K,Married,With Spouse,E TFR C2***OVf,20.0,2018-07-27,Transfer,658,DDA,18900.74,CAD,10K-20K,4,Cluster 5,4,3,5,2,2
125,fe51c153-fbec-4b64-9b00-2530035ef0e1_1efb5078-25f6-485a-bd2b-397e29410d14,Female,1939-04-03,82,Above 70,other,35385.7,30K - 40K,Married,With Spouse,E TFR C2***OVf,20.0,2018-07-27,Transfer,658,SDA,14354.28,CAD,10K-20K,4,Cluster 5,4,3,5,2,2
126,fe51c153-fbec-4b64-9b00-2530035ef0e1_f90b3593-54d5-4a37-a47e-210bd45d6695,Male,1955-12-27,66,50 - 69,fulltime,109799.1,Above 70K,Divorced,other,VOICE NETWORK INC.,80.13,2018-07-30,Bills and Utilities,1760,DDA,17981.14,CAD,10K-20K,1,Cluster 2,6,3,4,4,4
127,fe51c153-fbec-4b64-9b00-2530035ef0e1_f90b3593-54d5-4a37-a47e-210bd45d6695,Male,1955-12-27,66,50 - 69,fulltime,109799.1,Above 70K,Divorced,other,VOICE NETWORK INC.,80.13,2018-07-30,Bills and Utilities,1760,SDA,43919.64,CAD,Above 20K,1,Cluster 2,6,4,4,4,4
128,fe51c153-fbec-4b64-9b00-2530035ef0e1_55485b87-044f-4931-8a11-488ff0973b7a,Male,1992-10-21,29,20 - 29,parttime,5554.23,Below 10K,Single,With Parent,ODP INT,1190.4160000000002,2018-07-31,Transfer,12180,DDA,3761.64,CAD,2K-10K,3,Cluster 4,1,2,2,1,1
129,fe51c153-fbec-4b64-9b00-2530035ef0e1_55485b87-044f-4931-8a11-488ff0973b7a,Male,1992-10-21,29,20 - 29,parttime,5554.23,Below 10K,Single,With Parent,ODP INT,1190.4160000000002,2018-07-31,Transfer,12180,SDA,2271.7,CAD,2K-10K,3,Cluster 4,1,2,2,1,1
130,fe51c153-fbec-4b64-9b00-2530035ef0e1_a6ea99c4-8f30-4276-b7cc-e2db56557dcb,Male,1967-04-05,54,50 - 69,fulltime,89786.25,Above 70K,Single,other,CHQ#000114-3492899971,0.0,2018-08-01,Mortgage and Rent,324,DDA,15048.22,CAD,10K-20K,1,Cluster 2,6,3,4,4,1
131,fe51c153-fbec-4b64-9b00-2530035ef0e1_a6ea99c4-8f30-4276-b7cc-e2db56557dcb,Male,1967-04-05,54,50 - 69,fulltime,89786.25,Above 70K,Single,other,CHQ#000114-3492899971,0.0,2018-08-01,Mortgage and Rent,324,SDA,35914.5,CAD,Above 20K,1,Cluster 2,6,4,4,4,1
132,fe51c153-fbec-4b64-9b00-2530035ef0e1_10a0a93d-22c4-4948-a61c-f5a578ccc7d4,Female,2003-05-07,18,Below 20,other,0.0,Below 10K,Single,With Parent,TIM HORTONS #491 _F,1.77,2018-08-02,Food and Dining,1304,DDA,36.18,CAD,Below 2K,2,Cluster 3,1,1,1,1,1
133,fe51c153-fbec-4b64-9b00-2530035ef0e1_10a0a93d-22c4-4948-a61c-f5a578ccc7d4,Female,2003-05-07,18,Below 20,other,0.0,Below 10K,Single,With Parent,TIM HORTONS #491 _F,1.77,2018-08-02,Food and Dining,1304,SDA,0.0,CAD,Below 2K,2,Cluster 3,1,1,1,1,1
134,fe51c153-fbec-4b64-9b00-2530035ef0e1_3acefbb1-740d-4df6-81e5-bc1a793b3c6c,Male,1953-06-09,68,50 - 69,fulltime,84569.0,Above 70K,Married,With Spouse,MMA TFR-FR 3055805,67.77,2018-08-02,Transfer,507,DDA,47191.27,CAD,Above 20K,0,Cluster 1,6,4,4,2,2
135,fe51c153-fbec-4b64-9b00-2530035ef0e1_3acefbb1-740d-4df6-81e5-bc1a793b3c6c,Male,1953-06-09,68,50 - 69,fulltime,84569.0,Above 70K,Married,With Spouse,MMA TFR-FR 3055805,67.77,2018-08-02,Transfer,507,SDA,34027.6,CAD,Above 20K,0,Cluster 1,6,4,4,2,2
136,fe51c153-fbec-4b64-9b00-2530035ef0e1_465e0645-3372-4c51-937d-9b68d7dadb4f,Other,1999-01-28,22,20 - 29,parttime,7935.51,Below 10K,Single,With Parent,STARBUCKS #21589,6.42,2018-08-03,Food and Dining,1198,DDA,5816.62,CAD,2K-10K,3,Cluster 4,1,2,2,1,1
137,fe51c153-fbec-4b64-9b00-2530035ef0e1_465e0645-3372-4c51-937d-9b68d7dadb4f,Other,1999-01-28,22,20 - 29,parttime,7935.51,Below 10K,Single,With Parent,STARBUCKS #21589,6.42,2018-08-03,Food and Dining,1198,SDA,3224.2,CAD,2K-10K,3,Cluster 4,1,2,2,1,1
138,fe51c153-fbec-4b64-9b00-2530035ef0e1_30a5cb1d-dd35-43dd-b7a4-3a5ed2ecc9d8,Female,1999-05-08,22,20 - 29,other,0.0,Below 10K,Single,With Parent,TIM HORTONS #891 _F,7.45,2018-08-08,Food and Dining,1857,DDA,159.46,CAD,Below 2K,2,Cluster 3,1,1,2,1,1
139,fe51c153-fbec-4b64-9b00-2530035ef0e1_30a5cb1d-dd35-43dd-b7a4-3a5ed2ecc9d8,Female,1999-05-08,22,20 - 29,other,0.0,Below 10K,Single,With Parent,TIM HORTONS #891 _F,7.45,2018-08-08,Food and Dining,1857,SDA,128.78,CAD,Below 2K,2,Cluster 3,1,1,2,1,1
140,fe51c153-fbec-4b64-9b00-2530035ef0e1_e8ca5ce0-a105-4fc0-9dbe-2a269e855950,Other,1973-01-30,48,30 - 49,fulltime,115128.2,Above 70K,Separated,With Parent,E TFR C0***Mse,43.0,2018-08-08,Transfer,507,DDA,87800.88,CAD,Above 20K,1,Cluster 2,6,4,3,1,3
141,fe51c153-fbec-4b64-9b00-2530035ef0e1_e8ca5ce0-a105-4fc0-9dbe-2a269e855950,Other,1973-01-30,48,30 - 49,fulltime,115128.2,Above 70K,Separated,With Parent,E TFR C0***Mse,43.0,2018-08-08,Transfer,507,SDA,46101.28,CAD,Above 20K,1,Cluster 2,6,4,3,1,3
142,fe51c153-fbec-4b64-9b00-2530035ef0e1_b8d5a7d6-5efe-4439-b7fc-d1153f2a6cd4,Male,1960-01-28,61,50 - 69,fulltime,45369.8,40K - 70K,Married,With Spouse,Amazonca,149.36,2018-08-08,Shopping,132,DDA,19422.23,CAD,10K-20K,0,Cluster 1,5,3,4,2,2
143,fe51c153-fbec-4b64-9b00-2530035ef0e1_b8d5a7d6-5efe-4439-b7fc-d1153f2a6cd4,Male,1960-01-28,61,50 - 69,fulltime,45369.8,40K - 70K,Married,With Spouse,Amazonca,149.36,2018-08-08,Shopping,132,SDA,18347.92,CAD,10K-20K,0,Cluster 1,5,3,4,2,2
144,fe51c153-fbec-4b64-9b00-2530035ef0e1_cc770b0d-c61a-4bb3-b79e-c18a55a6bd64,Other,1997-01-29,24,20 - 29,parttime,7874.79,Below 10K,Single,With Parent,ADP PMT 33792836,302.88,2018-08-09,Income,87,DDA,5678.13,CAD,2K-10K,3,Cluster 4,1,2,2,1,1
145,fe51c153-fbec-4b64-9b00-2530035ef0e1_cc770b0d-c61a-4bb3-b79e-c18a55a6bd64,Other,1997-01-29,24,20 - 29,parttime,7874.79,Below 10K,Single,With Parent,ADP PMT 33792836,302.88,2018-08-09,Income,87,SDA,3199.92,CAD,2K-10K,3,Cluster 4,1,2,2,1,1
146,fe51c153-fbec-4b64-9b00-2530035ef0e1_7747953b-3cfa-4147-9cdf-98c1d3e694df,Male,1985-07-13,36,30 - 49,fulltime,30813.0,30K - 40K,Married,With Spouse,AUTO 9849599 INS,83.4,2018-08-09,Bills and Utilities,12934,DDA,6983.8,CAD,2K-10K,0,Cluster 1,4,2,3,2,2
147,fe51c153-fbec-4b64-9b00-2530035ef0e1_7747953b-3cfa-4147-9cdf-98c1d3e694df,Male,1985-07-13,36,30 - 49,fulltime,30813.0,30K - 40K,Married,With Spouse,AUTO 9849599 INS,83.4,2018-08-09,Bills and Utilities,12934,SDA,12525.2,CAD,10K-20K,0,Cluster 1,4,3,3,2,2
148,fe51c153-fbec-4b64-9b00-2530035ef0e1_eb0a811c-d59b-484f-bcc1-e110d7edfeb6,Male,2001-08-15,20,20 - 29,other,0.0,Below 10K,Single,With Parent,EMAIL TFR C0***NZq,29.0,2018-08-14,Transfer,193,DDA,17.44,CAD,Below 2K,2,Cluster 3,1,1,2,1,1
149,fe51c153-fbec-4b64-9b00-2530035ef0e1_eb0a811c-d59b-484f-bcc1-e110d7edfeb6,Male,2001-08-15,20,20 - 29,other,0.0,Below 10K,Single,With Parent,EMAIL TFR C0***NZq,29.0,2018-08-14,Transfer,193,SDA,34.8,CAD,Below 2K,2,Cluster 3,1,1,2,1,1
150,fe51c153-fbec-4b64-9b00-2530035ef0e1_f70f0abe-1dd1-42c0-8653-52e858643df7,Female,1965-09-16,56,50 - 69,fulltime,108607.15,Above 70K,Separated,other,BELL CANADA T8E4B6,80.66,2018-08-20,Bills and Utilities,1246,DDA,18019.26,CAD,10K-20K,1,Cluster 2,6,3,4,4,3
151,fe51c153-fbec-4b64-9b00-2530035ef0e1_f70f0abe-1dd1-42c0-8653-52e858643df7,Female,1965-09-16,56,50 - 69,fulltime,108607.15,Above 70K,Separated,other,BELL CANADA T8E4B6,80.66,2018-08-20,Bills and Utilities,1246,SDA,43442.86,CAD,Above 20K,1,Cluster 2,6,4,4,4,3
152,fe51c153-fbec-4b64-9b00-2530035ef0e1_aef389f4-a898-427c-9905-5eaf3f49fe09,Male,1984-12-26,37,30 - 49,fulltime,59144.0,40K - 70K,Single,Group,ADP PMT 31890590,2274.77,2018-08-23,Income,1672,DDA,16889.74,CAD,10K-20K,1,Cluster 2,5,3,3,3,1
153,fe51c153-fbec-4b64-9b00-2530035ef0e1_aef389f4-a898-427c-9905-5eaf3f49fe09,Male,1984-12-26,37,30 - 49,fulltime,59144.0,40K - 70K,Single,Group,ADP PMT 31890590,2274.77,2018-08-23,Income,1672,SDA,23857.6,CAD,Above 20K,1,Cluster 2,5,4,3,3,1
154,fe51c153-fbec-4b64-9b00-2530035ef0e1_8f47e887-ab21-4e30-8090-e4dd81f531e5,Female,1974-06-08,47,30 - 49,fulltime,37039.2,30K - 40K,Divorced,Group,CHQ#000441-1948586825,0.0,2018-09-04,Mortgage and Rent,12082,DDA,21399.23,CAD,Above 20K,1,Cluster 2,4,4,3,3,4
155,fe51c153-fbec-4b64-9b00-2530035ef0e1_8f47e887-ab21-4e30-8090-e4dd81f531e5,Female,1974-06-08,47,30 - 49,fulltime,37039.2,30K - 40K,Divorced,Group,CHQ#000441-1948586825,0.0,2018-09-04,Mortgage and Rent,12082,SDA,15015.68,CAD,10K-20K,1,Cluster 2,4,3,3,3,4
156,fe51c153-fbec-4b64-9b00-2530035ef0e1_b73046be-ebc5-4dfa-af91-888446f2c2e8,Female,2001-10-22,20,20 - 29,other,0.0,Below 10K,Single,With Parent,TIM HORTONS #892 _F,1.69,2018-09-07,Food and Dining,658,DDA,46.17,CAD,Below 2K,2,Cluster 3,1,1,2,1,1
157,fe51c153-fbec-4b64-9b00-2530035ef0e1_b73046be-ebc5-4dfa-af91-888446f2c2e8,Female,2001-10-22,20,20 - 29,other,0.0,Below 10K,Single,With Parent,TIM HORTONS #892 _F,1.69,2018-09-07,Food and Dining,658,SDA,13.1,CAD,Below 2K,2,Cluster 3,1,1,2,1,1
158,fe51c153-fbec-4b64-9b00-2530035ef0e1_51f5b02d-97aa-4d5b-9eda-20f7e0652ee1,Female,1999-06-09,22,20 - 29,other,0.0,Below 10K,Single,With Parent,TIM HORTONS #582 _F,5.28,2018-09-07,Food and Dining,1580,DDA,103.08,CAD,Below 2K,2,Cluster 3,1,1,2,1,1
159,fe51c153-fbec-4b64-9b00-2530035ef0e1_51f5b02d-97aa-4d5b-9eda-20f7e0652ee1,Female,1999-06-09,22,20 - 29,other,0.0,Below 10K,Single,With Parent,TIM HORTONS #582 _F,5.28,2018-09-07,Food and Dining,1580,SDA,65.08,CAD,Below 2K,2,Cluster 3,1,1,2,1,1
160,fe51c153-fbec-4b64-9b00-2530035ef0e1_308e5627-2792-41f7-8704-a54023597f7e,Female,1995-04-03,26,20 - 29,parttime,6095.1,Below 10K,Single,With Parent,E TFR C0***HIv,38.0,2018-09-20,Transfer,335,DDA,4658.33,CAD,2K-10K,3,Cluster 4,1,2,2,1,1
161,fe51c153-fbec-4b64-9b00-2530035ef0e1_308e5627-2792-41f7-8704-a54023597f7e,Female,1995-04-03,26,20 - 29,parttime,6095.1,Below 10K,Single,With Parent,E TFR C0***HIv,38.0,2018-09-20,Transfer,335,SDA,2488.04,CAD,2K-10K,3,Cluster 4,1,2,2,1,1
162,fe51c153-fbec-4b64-9b00-2530035ef0e1_b81582c7-6800-4591-bab3-9da621008226,Female,1952-07-13,69,50 - 69,fulltime,38778.05,30K - 40K,Divorced,Group,CDN TIRE STORE #09913,103.48,2018-09-20,Home,197,DDA,3239.03,CAD,2K-10K,1,Cluster 2,4,2,4,3,4
163,fe51c153-fbec-4b64-9b00-2530035ef0e1_b81582c7-6800-4591-bab3-9da621008226,Female,1952-07-13,69,50 - 69,fulltime,38778.05,30K - 40K,Divorced,Group,CDN TIRE STORE #09913,103.48,2018-09-20,Home,197,SDA,15711.22,CAD,10K-20K,1,Cluster 2,4,3,4,3,4
164,fe51c153-fbec-4b64-9b00-2530035ef0e1_d2421197-884e-4f7c-bcb3-8c1918d4d69f,Male,1936-12-24,85,Above 70,other,74423.3,Above 70K,Divorced,other,MYRATE ENRGY MWEZLV,21.18,2018-09-24,Bills and Utilities,1336,DDA,-7463.21,CAD,Below 2K,4,Cluster 5,6,1,5,4,4
165,fe51c153-fbec-4b64-9b00-2530035ef0e1_d2421197-884e-4f7c-bcb3-8c1918d4d69f,Male,1936-12-24,85,Above 70,other,74423.3,Above 70K,Divorced,other,MYRATE ENRGY MWEZLV,21.18,2018-09-24,Bills and Utilities,1336,SDA,29769.32,CAD,Above 20K,4,Cluster 5,6,4,5,4,4
166,fe51c153-fbec-4b64-9b00-2530035ef0e1_a9ea9582-f708-40f6-92b2-36e945de04c7,Male,2004-02-29,17,Below 20,other,0.0,Below 10K,Single,With Parent,TIM HORTONS #989 _F,2.13,2018-09-25,Food and Dining,1592,DDA,6.02,CAD,Below 2K,2,Cluster 3,1,1,1,1,1
167,fe51c153-fbec-4b64-9b00-2530035ef0e1_a9ea9582-f708-40f6-92b2-36e945de04c7,Male,2004-02-29,17,Below 20,other,0.0,Below 10K,Single,With Parent,TIM HORTONS #989 _F,2.13,2018-09-25,Food and Dining,1592,SDA,122.88,CAD,Below 2K,2,Cluster 3,1,1,1,1,1
168,fe51c153-fbec-4b64-9b00-2530035ef0e1_824bb9f0-b72c-4c3b-a245-25fd739651d4,Female,2003-01-28,18,Below 20,other,0.0,Below 10K,Single,With Parent,MCDONALD'S #1975 QPS,6.57,2018-09-28,Food and Dining,252,DDA,30.53,CAD,Below 2K,2,Cluster 3,1,1,1,1,1
169,fe51c153-fbec-4b64-9b00-2530035ef0e1_824bb9f0-b72c-4c3b-a245-25fd739651d4,Female,2003-01-28,18,Below 20,other,0.0,Below 10K,Single,With Parent,MCDONALD'S #1975 QPS,6.57,2018-09-28,Food and Dining,252,SDA,115.48,CAD,Below 2K,2,Cluster 3,1,1,1,1,1
170,fe51c153-fbec-4b64-9b00-2530035ef0e1_cea806d1-3f00-43b8-b31a-8ddba602dfee,Male,1945-05-08,76,Above 70,other,222653.2,Above 70K,Divorced,other,BULLFROG PWR C9SU5I,42.39,2018-09-28,Bills and Utilities,1952,DDA,19662.33,CAD,10K-20K,4,Cluster 5,6,3,5,4,4
171,fe51c153-fbec-4b64-9b00-2530035ef0e1_cea806d1-3f00-43b8-b31a-8ddba602dfee,Male,1945-05-08,76,Above 70,other,222653.2,Above 70K,Divorced,other,BULLFROG PWR C9SU5I,42.39,2018-09-28,Bills and Utilities,1952,SDA,89061.28,CAD,Above 20K,4,Cluster 5,6,4,5,4,4
172,fe51c153-fbec-4b64-9b00-2530035ef0e1_ec64b071-d514-48fa-8e36-0f92fbe9f13b,Female,1986-05-07,35,30 - 49,fulltime,31599.0,30K - 40K,Married,With Spouse,CZ762 TFR-TO C/C,736.31,2018-10-01,Transfer,1800,DDA,11773.91,CAD,10K-20K,0,Cluster 1,4,3,3,2,2
173,fe51c153-fbec-4b64-9b00-2530035ef0e1_ec64b071-d514-48fa-8e36-0f92fbe9f13b,Female,1986-05-07,35,30 - 49,fulltime,31599.0,30K - 40K,Married,With Spouse,CZ762 TFR-TO C/C,736.31,2018-10-01,Transfer,1800,SDA,12839.6,CAD,10K-20K,0,Cluster 1,4,3,3,2,2
174,fe51c153-fbec-4b64-9b00-2530035ef0e1_e35962a7-5360-448b-9344-26af5ba175d9,Other,1963-10-20,58,50 - 69,fulltime,74095.65,Above 70K,Married,With Spouse,CHQ#000125-9857702994,0.0,2018-10-01,Mortgage and Rent,543,DDA,49208.38,CAD,Above 20K,0,Cluster 1,6,4,4,2,2
175,fe51c153-fbec-4b64-9b00-2530035ef0e1_e35962a7-5360-448b-9344-26af5ba175d9,Other,1963-10-20,58,50 - 69,fulltime,74095.65,Above 70K,Married,With Spouse,CHQ#000125-9857702994,0.0,2018-10-01,Mortgage and Rent,543,SDA,29838.26,CAD,Above 20K,0,Cluster 1,6,4,4,2,2
176,fe51c153-fbec-4b64-9b00-2530035ef0e1_3d5e4e2c-ea70-4f66-9a3d-6b09b2dfe61c,Male,1950-11-22,71,Above 70,parttime,20267.3,20K - 30K,Married,With Spouse,PROP  9896988 INS,105.77,2018-10-01,Bills and Utilities,538,DDA,2548.22,CAD,2K-10K,4,Cluster 5,3,2,5,2,2
177,fe51c153-fbec-4b64-9b00-2530035ef0e1_3d5e4e2c-ea70-4f66-9a3d-6b09b2dfe61c,Male,1950-11-22,71,Above 70,parttime,20267.3,20K - 30K,Married,With Spouse,PROP  9896988 INS,105.77,2018-10-01,Bills and Utilities,538,SDA,8306.92,CAD,2K-10K,4,Cluster 5,3,2,5,2,2
178,fe51c153-fbec-4b64-9b00-2530035ef0e1_80f1c3d4-c3d1-4a9c-b5d9-dc58a2ab4c56,Male,1939-02-28,82,Above 70,other,6090.7,Below 10K,Married,With Spouse,PROP  6353996 INS,131.02,2018-10-01,Bills and Utilities,1790,DDA,242.02,CAD,Below 2K,4,Cluster 5,1,1,5,2,2
179,fe51c153-fbec-4b64-9b00-2530035ef0e1_80f1c3d4-c3d1-4a9c-b5d9-dc58a2ab4c56,Male,1939-02-28,82,Above 70,other,6090.7,Below 10K,Married,With Spouse,PROP  6353996 INS,131.02,2018-10-01,Bills and Utilities,1790,SDA,2436.28,CAD,2K-10K,4,Cluster 5,1,2,5,2,2
180,fe51c153-fbec-4b64-9b00-2530035ef0e1_52078775-9777-41cf-b044-e30655ad3238,Male,1936-04-05,85,Above 70,other,20140.4,20K - 30K,Married,With Spouse,PROP  3288880 INS,76.35,2018-10-01,Bills and Utilities,677,DDA,1265.58,CAD,Below 2K,4,Cluster 5,3,1,5,2,2
181,fe51c153-fbec-4b64-9b00-2530035ef0e1_52078775-9777-41cf-b044-e30655ad3238,Male,1936-04-05,85,Above 70,other,20140.4,20K - 30K,Married,With Spouse,PROP  3288880 INS,76.35,2018-10-01,Bills and Utilities,677,SDA,8256.16,CAD,2K-10K,4,Cluster 5,3,2,5,2,2
182,fe51c153-fbec-4b64-9b00-2530035ef0e1_cbcc5066-0ae3-42ec-8157-306cc1faa306,Female,1986-01-28,35,30 - 49,fulltime,61278.0,40K - 70K,Married,With Spouse,ADP PMT 64985990,2356.85,2018-10-04,Income,31,DDA,31618.31,CAD,Above 20K,0,Cluster 1,5,4,3,2,2
183,fe51c153-fbec-4b64-9b00-2530035ef0e1_cbcc5066-0ae3-42ec-8157-306cc1faa306,Female,1986-01-28,35,30 - 49,fulltime,61278.0,40K - 70K,Married,With Spouse,ADP PMT 64985990,2356.85,2018-10-04,Income,31,SDA,24711.2,CAD,Above 20K,0,Cluster 1,5,4,3,2,2
184,fe51c153-fbec-4b64-9b00-2530035ef0e1_038a9f5c-a5c9-4425-8127-9e8eaeb8002b,Female,1982-08-16,39,30 - 49,parttime,16890.0,10K - 20K,Single,With Parent,ADP PMT 17988985,649.62,2018-10-04,Income,1844,DDA,11761.23,CAD,10K-20K,3,Cluster 4,2,3,3,1,1
185,fe51c153-fbec-4b64-9b00-2530035ef0e1_038a9f5c-a5c9-4425-8127-9e8eaeb8002b,Female,1982-08-16,39,30 - 49,parttime,16890.0,10K - 20K,Single,With Parent,ADP PMT 17988985,649.62,2018-10-04,Income,1844,SDA,6806.0,CAD,2K-10K,3,Cluster 4,2,2,3,1,1
186,fe51c153-fbec-4b64-9b00-2530035ef0e1_c4e480cb-6e00-4a7b-928f-56b2280cbf5c,Other,1966-01-28,55,50 - 69,fulltime,96984.1,Above 70K,Married,With Spouse,ADP PMT 94379839,3730.16,2018-10-04,Income,1198,DDA,67368.69,CAD,Above 20K,0,Cluster 1,6,4,4,2,2
187,fe51c153-fbec-4b64-9b00-2530035ef0e1_c4e480cb-6e00-4a7b-928f-56b2280cbf5c,Other,1966-01-28,55,50 - 69,fulltime,96984.1,Above 70K,Married,With Spouse,ADP PMT 94379839,3730.16,2018-10-04,Income,1198,SDA,38993.64,CAD,Above 20K,0,Cluster 1,6,4,4,2,2
188,fe51c153-fbec-4b64-9b00-2530035ef0e1_3a5852d2-3fb6-432f-96b6-afc5475e7fdc,Female,1964-04-05,57,50 - 69,parttime,32065.45,30K - 40K,Married,With Spouse,Amazon`ca,46.82,2018-10-09,Shopping,1080,DDA,8665.43,CAD,2K-10K,0,Cluster 1,4,2,4,2,2
189,fe51c153-fbec-4b64-9b00-2530035ef0e1_3a5852d2-3fb6-432f-96b6-afc5475e7fdc,Female,1964-04-05,57,50 - 69,parttime,32065.45,30K - 40K,Married,With Spouse,Amazon`ca,46.82,2018-10-09,Shopping,1080,SDA,13026.18,CAD,10K-20K,0,Cluster 1,4,3,4,2,2
190,fe51c153-fbec-4b64-9b00-2530035ef0e1_b05dae39-bae3-42c6-b0e3-769bfaa5d052,Female,1964-12-26,57,50 - 69,parttime,15567.55,10K - 20K,Divorced,Group,EMAIL TFR C2***oWx,53.0,2018-10-10,Transfer,1640,DDA,4121.25,CAD,2K-10K,3,Cluster 4,2,2,4,3,4
191,fe51c153-fbec-4b64-9b00-2530035ef0e1_b05dae39-bae3-42c6-b0e3-769bfaa5d052,Female,1964-12-26,57,50 - 69,parttime,15567.55,10K - 20K,Divorced,Group,EMAIL TFR C2***oWx,53.0,2018-10-10,Transfer,1640,SDA,6427.02,CAD,2K-10K,3,Cluster 4,2,2,4,3,4
192,fe51c153-fbec-4b64-9b00-2530035ef0e1_9742e929-dfc1-4727-bbb7-a14803084a9a,Female,2003-12-26,18,Below 20,other,0.0,Below 10K,Single,With Parent,E TFR C0***DoK,23.0,2018-10-12,Transfer,1284,DDA,19.29,CAD,Below 2K,2,Cluster 3,1,1,1,1,1
193,fe51c153-fbec-4b64-9b00-2530035ef0e1_9742e929-dfc1-4727-bbb7-a14803084a9a,Female,2003-12-26,18,Below 20,other,0.0,Below 10K,Single,With Parent,E TFR C0***DoK,23.0,2018-10-12,Transfer,1284,SDA,92.68,CAD,Below 2K,2,Cluster 3,1,1,1,1,1
194,fe51c153-fbec-4b64-9b00-2530035ef0e1_333952f3-81e5-479f-a223-2b5a0fabbbd8,Male,1993-12-25,28,20 - 29,other,0.0,Below 10K,Single,With Parent,E TFR C0***AHF,52.0,2018-10-12,Transfer,335,DDA,1471.51,CAD,Below 2K,2,Cluster 3,1,1,2,1,1
195,fe51c153-fbec-4b64-9b00-2530035ef0e1_333952f3-81e5-479f-a223-2b5a0fabbbd8,Male,1993-12-25,28,20 - 29,other,0.0,Below 10K,Single,With Parent,E TFR C0***AHF,52.0,2018-10-12,Transfer,335,SDA,117.02,CAD,Below 2K,2,Cluster 3,1,1,2,1,1
196,fe51c153-fbec-4b64-9b00-2530035ef0e1_402dbd46-b0d4-4c93-b1c1-2ba76d32230d,Female,1997-08-16,24,20 - 29,fulltime,48213.33,40K - 70K,Single,other,ADP PMT 49889495,1923.08,2018-10-18,Income,1968,DDA,29452.19,CAD,Above 20K,1,Cluster 2,5,4,2,4,1
197,fe51c153-fbec-4b64-9b00-2530035ef0e1_402dbd46-b0d4-4c93-b1c1-2ba76d32230d,Female,1997-08-16,24,20 - 29,fulltime,48213.33,40K - 70K,Single,other,ADP PMT 49889495,1923.08,2018-10-18,Income,1968,SDA,19285.34,CAD,10K-20K,1,Cluster 2,5,3,2,4,1
198,fe51c153-fbec-4b64-9b00-2530035ef0e1_386bbd5c-8eb9-439a-bd4d-5a56f1c78661,Female,1967-05-08,54,50 - 69,fulltime,69486.45,40K - 70K,Married,With Spouse,EMAIL TFR C2***wVr,27.0,2018-10-19,Transfer,1923,DDA,32681.39,CAD,Above 20K,0,Cluster 1,5,4,4,2,2
199,fe51c153-fbec-4b64-9b00-2530035ef0e1_386bbd5c-8eb9-439a-bd4d-5a56f1c78661,Female,1967-05-08,54,50 - 69,fulltime,69486.45,40K - 70K,Married,With Spouse,EMAIL TFR C2***wVr,27.0,2018-10-19,Transfer,1923,SDA,27994.58,CAD,Above 20K,0,Cluster 1,5,4,4,2,2
