Customer ID,Gender,DOB,Age,Age Range,Work Activity,Income,Income Range,Marital Status,Habitation,Trans Description,Trans Amount,Trans Date,Trans Category,Bank Branch,Account Type,Open Date,Account Balance,Currency
fe51c153-fbec-4b64-9b00-2530035ef0e1_3d5e4e2c-ea70-4f66-9a3d-6b09b2dfe61c,Male,1950-11-22,71,70 -79,parttime,20267.3,20K - 30K,Married,With Spouse,PROP  9896988 INS,105.77,2018-10-01,Bills and Utilities,538,DDA,2018-3-1,2548.22,CAD
fe51c153-fbec-4b64-9b00-2530035ef0e1_3d5e4e2c-ea70-4f66-9a3d-6b09b2dfe61c,Male,1950-11-22,71,70 -79,parttime,20267.3,20K - 30K,Married,With Spouse,PROP  9896988 INS,105.77,2018-10-01,Bills and Utilities,538,SDA,2018-3-1,8306.92,CAD
fe51c153-fbec-4b64-9b00-2530035ef0e1_824bb9f0-b72c-4c3b-a245-25fd739651d4,Female,2003-1-28,18,Below 20,,0,Below 10K,Single,With Parent,MCDONALD'S #1975 QPS,6.57,2018-9-28,Food and Dining,252,DDA,2018-3-1,30.53,CAD
fe51c153-fbec-4b64-9b00-2530035ef0e1_824bb9f0-b72c-4c3b-a245-25fd739651d4,Female,2003-1-28,18,Below 20,,0,Below 10K,Single,With Parent,MCDONALD'S #1975 QPS,6.57,2018-9-28,Food and Dining,252,SDA,2018-3-1,115.48,CAD
fe51c153-fbec-4b64-9b00-2530035ef0e1_465e0645-3372-4c51-937d-9b68d7dadb4f,Other,1999-1-28,22,20 - 29,parttime,7935.51,Below 10K,Single,With Parent,STARBUCKS #21589,2.65,2018-6-05,Food and Dining,1198,DDA,2018-3-1,5816.62,CAD
fe51c153-fbec-4b64-9b00-2530035ef0e1_465e0645-3372-4c51-937d-9b68d7dadb4f,Other,1999-1-28,22,20 - 29,parttime,7935.51,Below 10K,Single,With Parent,STARBUCKS #21589,6.42,2018-8-03,Food and Dining,1198,DDA,2018-3-1,5816.62,CAD
fe51c153-fbec-4b64-9b00-2530035ef0e1_465e0645-3372-4c51-937d-9b68d7dadb4f,Other,1999-1-28,22,20 - 29,parttime,7935.51,Below 10K,Single,With Parent,STARBUCKS #21589,2.65,2018-6-05,Food and Dining,1198,SDA,2018-3-1,3224.2,CAD
fe51c153-fbec-4b64-9b00-2530035ef0e1_465e0645-3372-4c51-937d-9b68d7dadb4f,Other,1999-1-28,22,20 - 29,parttime,7935.51,Below 10K,Single,With Parent,STARBUCKS #21589,6.42,2018-8-03,Food and Dining,1198,SDA,2018-3-1,3224.2,CAD
fe51c153-fbec-4b64-9b00-2530035ef0e1_7ebca576-95e2-4310-a140-f6e211447dd0,Female,2003-11-22,18,Below 20,,0,Below 10K,Single,With Parent,TIM HORTONS #489 _F,2.84,2018-5-25,Food and Dining,12676,DDA,2018-3-1,59.44,CAD
fe51c153-fbec-4b64-9b00-2530035ef0e1_7ebca576-95e2-4310-a140-f6e211447dd0,Female,2003-11-22,18,Below 20,,0,Below 10K,Single,With Parent,E TFR C0***bwZ,22,2018-5-18,Transfer,12676,DDA,2018-3-1,59.44,CAD
fe51c153-fbec-4b64-9b00-2530035ef0e1_7ebca576-95e2-4310-a140-f6e211447dd0,Female,2003-11-22,18,Below 20,,0,Below 10K,Single,With Parent,TIM HORTONS #489 _F,2.84,2018-5-25,Food and Dining,12676,SDA,2018-3-1,148.8,CAD
fe51c153-fbec-4b64-9b00-2530035ef0e1_7ebca576-95e2-4310-a140-f6e211447dd0,Female,2003-11-22,18,Below 20,,0,Below 10K,Single,With Parent,E TFR C0***bwZ,22,2018-5-18,Transfer,12676,SDA,2018-3-1,148.8,CAD
fe51c153-fbec-4b64-9b00-2530035ef0e1_269b82c8-7dda-4b7d-a253-44e725024de7,Male,1987-9-17,34,30 - 39,fulltime,28365.81,20K - 30K,Single,,ZR999 TFR-TO C/C,289.74,2018-7-03,Transfer,658,DDA,2018-3-1,31172.69,CAD
fe51c153-fbec-4b64-9b00-2530035ef0e1_269b82c8-7dda-4b7d-a253-44e725024de7,Male,1987-9-17,34,30 - 39,fulltime,28365.81,20K - 30K,Single,,ZR999 TFR-TO C/C,289.74,2018-7-03,Transfer,658,SDA,2018-3-1,11346.32,CAD
fe51c153-fbec-4b64-9b00-2530035ef0e1_8aba9e31-8f66-41be-baa4-b37d5c80df66,Male,1994-6-9,27,20 - 29,parttime,17870.49,10K - 20K,Single,,ADP PMT 81998829,1923.08,2018-5-31,Income,255,DDA,2018-3-1,29982.43,CAD
fe51c153-fbec-4b64-9b00-2530035ef0e1_8aba9e31-8f66-41be-baa4-b37d5c80df66,Male,1994-6-9,27,20 - 29,parttime,17870.49,10K - 20K,Single,,ADP PMT 81998829,1923.08,2018-5-31,Income,255,SDA,2018-3-1,7148.2,CAD
fe51c153-fbec-4b64-9b00-2530035ef0e1_76fdca75-be29-4272-ac7e-12c886411328,Female,1997-6-9,24,20 - 29,parttime,7668.87,Below 10K,Single,With Parent,EMAIL TFR C0***VeZ,34,2018-4-03,Transfer,1800,DDA,2018-3-1,5928.12,CAD
fe51c153-fbec-4b64-9b00-2530035ef0e1_76fdca75-be29-4272-ac7e-12c886411328,Female,1997-6-9,24,20 - 29,parttime,7668.87,Below 10K,Single,With Parent,EMAIL TFR C0***VeZ,34,2018-4-03,Transfer,1800,SDA,2018-3-1,3117.54,CAD
fe51c153-fbec-4b64-9b00-2530035ef0e1_b81582c7-6800-4591-bab3-9da621008226,Female,1952-7-13,69,60 - 69,fulltime,38778.05,30K - 40K,Divorced,Group,CDN TIRE STORE #09913,103.48,2018-9-20,Home,197,DDA,2018-3-1,3239.03,CAD
fe51c153-fbec-4b64-9b00-2530035ef0e1_b81582c7-6800-4591-bab3-9da621008226,Female,1952-7-13,69,60 - 69,fulltime,38778.05,30K - 40K,Divorced,Group,VOICE NETWORK INC.,98.3,2018-5-16,Bills and Utilities,197,DDA,2018-3-1,3239.03,CAD
fe51c153-fbec-4b64-9b00-2530035ef0e1_b81582c7-6800-4591-bab3-9da621008226,Female,1952-7-13,69,60 - 69,fulltime,38778.05,30K - 40K,Divorced,Group,CDN TIRE STORE #09913,103.48,2018-9-20,Home,197,SDA,2018-3-1,15711.22,CAD
fe51c153-fbec-4b64-9b00-2530035ef0e1_b81582c7-6800-4591-bab3-9da621008226,Female,1952-7-13,69,60 - 69,fulltime,38778.05,30K - 40K,Divorced,Group,VOICE NETWORK INC.,98.3,2018-5-16,Bills and Utilities,197,SDA,2018-3-1,15711.22,CAD
fe51c153-fbec-4b64-9b00-2530035ef0e1_6eb7b8d7-6153-42e9-ac46-82d4c17d7f51,Male,1949-3-1,72,70 -79,fulltime,89070.1,80K - 90K,Married,With Spouse,MTG CO 809780096,948.36,2018-7-20,Transfer,1223,DDA,2018-3-1,48577.37,CAD
fe51c153-fbec-4b64-9b00-2530035ef0e1_6eb7b8d7-6153-42e9-ac46-82d4c17d7f51,Male,1949-3-1,72,70 -79,fulltime,89070.1,80K - 90K,Married,With Spouse,MTG CO 809780096,948.36,2018-7-20,Transfer,1223,SDA,2018-3-1,35828.04,CAD
fe51c153-fbec-4b64-9b00-2530035ef0e1_210d1d75-d5f6-4d99-a42a-d3a4d32e2bde,Other,1955-12-26,66,60 - 69,fulltime,40049.15,40K - 50K,Married,With Spouse,ADP PMT 76385889,1540.35,2018-5-31,Income,607,DDA,2018-3-1,25849.85,CAD
fe51c153-fbec-4b64-9b00-2530035ef0e1_210d1d75-d5f6-4d99-a42a-d3a4d32e2bde,Other,1955-12-26,66,60 - 69,fulltime,40049.15,40K - 50K,Married,With Spouse,ADP PMT 76385889,1540.35,2018-5-31,Income,607,SDA,2018-3-1,16219.66,CAD
fe51c153-fbec-4b64-9b00-2530035ef0e1_894a3dbe-dcd8-4621-87f0-791275bb9c2f,Male,2002-9-17,19,Below 20,,0,Below 10K,Single,With Parent,STARBUCKS #4227,1.24,2018-5-17,Food and Dining,392,DDA,2018-3-1,20.29,CAD
fe51c153-fbec-4b64-9b00-2530035ef0e1_894a3dbe-dcd8-4621-87f0-791275bb9c2f,Male,2002-9-17,19,Below 20,,0,Below 10K,Single,With Parent,STARBUCKS #4227,1.24,2018-5-17,Food and Dining,392,SDA,2018-3-1,81.26,CAD
fe51c153-fbec-4b64-9b00-2530035ef0e1_10a0a93d-22c4-4948-a61c-f5a578ccc7d4,Female,2003-5-7,18,Below 20,,0,Below 10K,Single,With Parent,TIM HORTONS #491 _F,1.77,2018-8-02,Food and Dining,1304,DDA,2018-3-1,36.18,CAD
fe51c153-fbec-4b64-9b00-2530035ef0e1_10a0a93d-22c4-4948-a61c-f5a578ccc7d4,Female,2003-5-7,18,Below 20,,0,Below 10K,Single,With Parent,TIM HORTONS #491 _F,1.77,2018-8-02,Food and Dining,1304,SDA,2018-3-1,0,CAD
fe51c153-fbec-4b64-9b00-2530035ef0e1_bcab1703-d13f-49c8-986d-4e4c223b8ec1,Male,1980-9-16,41,40 - 49,fulltime,124518,Above 100K,Single,With Parent,ADP PMT 99964851,4789.15,2018-5-17,Income,1967,DDA,2018-3-1,94798.45,CAD
fe51c153-fbec-4b64-9b00-2530035ef0e1_bcab1703-d13f-49c8-986d-4e4c223b8ec1,Male,1980-9-16,41,40 - 49,fulltime,124518,Above 100K,Single,With Parent,ADP PMT 15994699,4789.15,2018-5-03,Income,1967,DDA,2018-3-1,94798.45,CAD
fe51c153-fbec-4b64-9b00-2530035ef0e1_bcab1703-d13f-49c8-986d-4e4c223b8ec1,Male,1980-9-16,41,40 - 49,fulltime,124518,Above 100K,Single,With Parent,ADP PMT 99964851,4789.15,2018-5-17,Income,1967,SDA,2018-3-1,49857.2,CAD
fe51c153-fbec-4b64-9b00-2530035ef0e1_bcab1703-d13f-49c8-986d-4e4c223b8ec1,Male,1980-9-16,41,40 - 49,fulltime,124518,Above 100K,Single,With Parent,ADP PMT 15994699,4789.15,2018-5-03,Income,1967,SDA,2018-3-1,49857.2,CAD
fe51c153-fbec-4b64-9b00-2530035ef0e1_a9ea9582-f708-40f6-92b2-36e945de04c7,Male,2004-2-29,17,Below 20,,0,Below 10K,Single,With Parent,TIM HORTONS #989 _F,2.13,2018-9-25,Food and Dining,1592,DDA,2018-3-1,6.02,CAD
fe51c153-fbec-4b64-9b00-2530035ef0e1_a9ea9582-f708-40f6-92b2-36e945de04c7,Male,2004-2-29,17,Below 20,,0,Below 10K,Single,With Parent,TIM HORTONS #989 _F,2.13,2018-9-25,Food and Dining,1592,SDA,2018-3-1,122.88,CAD
fe51c153-fbec-4b64-9b00-2530035ef0e1_bbc8b795-2cdd-462f-b91e-e9b356933943,Female,2002-7-12,19,Below 20,,0,Below 10K,Single,With Parent,STARBUCKS #4711,1.52,2018-4-20,Food and Dining,1923,DDA,2018-3-1,33.76,CAD
fe51c153-fbec-4b64-9b00-2530035ef0e1_bbc8b795-2cdd-462f-b91e-e9b356933943,Female,2002-7-12,19,Below 20,,0,Below 10K,Single,With Parent,STARBUCKS #4711,1.52,2018-4-20,Food and Dining,1923,SDA,2018-3-1,101.5,CAD
fe51c153-fbec-4b64-9b00-2530035ef0e1_62d5c5a6-f2a5-461b-aaf2-8f01c110c4e3,Male,1987-12-27,34,30 - 39,parttime,5051.31,Below 10K,Single,With Parent,E TFR C0***ZgB,47,2018-4-06,Transfer,1864,DDA,2018-3-1,2904.83,CAD
fe51c153-fbec-4b64-9b00-2530035ef0e1_62d5c5a6-f2a5-461b-aaf2-8f01c110c4e3,Male,1987-12-27,34,30 - 39,parttime,5051.31,Below 10K,Single,With Parent,NSF FEE,48,2018-3-31,Transfer,1864,DDA,2018-3-1,2904.83,CAD
fe51c153-fbec-4b64-9b00-2530035ef0e1_62d5c5a6-f2a5-461b-aaf2-8f01c110c4e3,Male,1987-12-27,34,30 - 39,parttime,5051.31,Below 10K,Single,With Parent,E TFR C0***ZgB,47,2018-4-06,Transfer,1864,SDA,2018-3-1,2070.52,CAD
fe51c153-fbec-4b64-9b00-2530035ef0e1_62d5c5a6-f2a5-461b-aaf2-8f01c110c4e3,Male,1987-12-27,34,30 - 39,parttime,5051.31,Below 10K,Single,With Parent,NSF FEE,48,2018-3-31,Transfer,1864,SDA,2018-3-1,2070.52,CAD
fe51c153-fbec-4b64-9b00-2530035ef0e1_a715eb84-ef0a-410a-a19e-d534ccd93c6e,Male,1974-9-16,47,40 - 49,fulltime,42291.7,40K - 50K,Divorced,With Spouse,E TFR C2***agy,20,2018-5-31,Transfer,375,DDA,2018-3-1,22108.47,CAD
fe51c153-fbec-4b64-9b00-2530035ef0e1_a715eb84-ef0a-410a-a19e-d534ccd93c6e,Male,1974-9-16,47,40 - 49,fulltime,42291.7,40K - 50K,Divorced,With Spouse,BULLFROG PWR ZZ87U0,81.22,2018-6-05,Bills and Utilities,375,DDA,2018-3-1,22108.47,CAD
fe51c153-fbec-4b64-9b00-2530035ef0e1_a715eb84-ef0a-410a-a19e-d534ccd93c6e,Male,1974-9-16,47,40 - 49,fulltime,42291.7,40K - 50K,Divorced,With Spouse,E TFR C2***agy,20,2018-5-31,Transfer,375,SDA,2018-3-1,17116.68,CAD
fe51c153-fbec-4b64-9b00-2530035ef0e1_a715eb84-ef0a-410a-a19e-d534ccd93c6e,Male,1974-9-16,47,40 - 49,fulltime,42291.7,40K - 50K,Divorced,With Spouse,BULLFROG PWR ZZ87U0,81.22,2018-6-05,Bills and Utilities,375,SDA,2018-3-1,17116.68,CAD
fe51c153-fbec-4b64-9b00-2530035ef0e1_ec64b071-d514-48fa-8e36-0f92fbe9f13b,Female,1986-5-7,35,30 - 39,fulltime,31599,30K - 40K,Married,With Spouse,CZ762 TFR-TO C/C,736.31,2018-10-01,Transfer,1800,DDA,2018-3-1,11773.91,CAD
fe51c153-fbec-4b64-9b00-2530035ef0e1_ec64b071-d514-48fa-8e36-0f92fbe9f13b,Female,1986-5-7,35,30 - 39,fulltime,31599,30K - 40K,Married,With Spouse,CZ762 TFR-TO C/C,736.31,2018-10-01,Transfer,1800,SDA,2018-3-1,12839.6,CAD
fe51c153-fbec-4b64-9b00-2530035ef0e1_90956258-90b7-43bf-b776-5013eca80a81,Male,1942-5-7,79,70 -79,,16877.7,10K - 20K,Married,With Spouse,CANADA CPP 69999348,400.62,2018-4-05,Income,12324,DDA,2018-3-1,2335.93,CAD
fe51c153-fbec-4b64-9b00-2530035ef0e1_90956258-90b7-43bf-b776-5013eca80a81,Male,1942-5-7,79,70 -79,,16877.7,10K - 20K,Married,With Spouse,ADP PMT 48690382,248.53,2018-4-19,Income,12324,DDA,2018-3-1,2335.93,CAD
fe51c153-fbec-4b64-9b00-2530035ef0e1_90956258-90b7-43bf-b776-5013eca80a81,Male,1942-5-7,79,70 -79,,16877.7,10K - 20K,Married,With Spouse,CANADA CPP 69999348,400.62,2018-4-05,Income,12324,SDA,2018-3-1,6951.08,CAD
fe51c153-fbec-4b64-9b00-2530035ef0e1_90956258-90b7-43bf-b776-5013eca80a81,Male,1942-5-7,79,70 -79,,16877.7,10K - 20K,Married,With Spouse,ADP PMT 48690382,248.53,2018-4-19,Income,12324,SDA,2018-3-1,6951.08,CAD
fe51c153-fbec-4b64-9b00-2530035ef0e1_4ee15e88-8702-411b-bc2b-30a1220a3bc0,Male,1935-4-5,86,Above 80,,25078.9,20K - 30K,Married,With Spouse,GC 2894-TRANSFER,10031.56,2018-3-01,Transfer,658,DDA,2018-3-1,4292.99,CAD
fe51c153-fbec-4b64-9b00-2530035ef0e1_4ee15e88-8702-411b-bc2b-30a1220a3bc0,Male,1935-4-5,86,Above 80,,25078.9,20K - 30K,Married,With Spouse,GC 2894-TRANSFER,10031.56,2018-3-01,Transfer,658,SDA,2018-3-1,10231.56,CAD
fe51c153-fbec-4b64-9b00-2530035ef0e1_6fbde79b-e445-4d3d-882d-3bbeb048a184,Female,1988-10-21,33,30 - 39,fulltime,43421.07,40K - 50K,Married,With Spouse,TEKSAVVY Z4N9I8,91.44,2018-5-30,Bills and Utilities,1967,DDA,2018-3-1,22283.64,CAD
fe51c153-fbec-4b64-9b00-2530035ef0e1_6fbde79b-e445-4d3d-882d-3bbeb048a184,Female,1988-10-21,33,30 - 39,fulltime,43421.07,40K - 50K,Married,With Spouse,TEKSAVVY Z4N9I8,91.44,2018-5-30,Bills and Utilities,1967,SDA,2018-3-1,17568.42,CAD
fe51c153-fbec-4b64-9b00-2530035ef0e1_55485b87-044f-4931-8a11-488ff0973b7a,Male,1992-10-21,29,20 - 29,parttime,5554.23,Below 10K,Single,With Parent,ODP INT,1190.416,2018-7-31,Transfer,12180,DDA,2018-3-1,3761.64,CAD
fe51c153-fbec-4b64-9b00-2530035ef0e1_55485b87-044f-4931-8a11-488ff0973b7a,Male,1992-10-21,29,20 - 29,parttime,5554.23,Below 10K,Single,With Parent,ODP INT,1190.416,2018-7-31,Transfer,12180,SDA,2018-3-1,2271.7,CAD
fe51c153-fbec-4b64-9b00-2530035ef0e1_1efb5078-25f6-485a-bd2b-397e29410d14,Female,1939-4-3,82,Above 80,,35385.7,30K - 40K,Married,With Spouse,E TFR C2***OVf,20,2018-7-27,Transfer,658,DDA,2018-3-1,18900.74,CAD
fe51c153-fbec-4b64-9b00-2530035ef0e1_1efb5078-25f6-485a-bd2b-397e29410d14,Female,1939-4-3,82,Above 80,,35385.7,30K - 40K,Married,With Spouse,E TFR C2***OVf,20,2018-7-27,Transfer,658,SDA,2018-3-1,14354.28,CAD
fe51c153-fbec-4b64-9b00-2530035ef0e1_b66b6077-4c6e-4e9f-b228-5761c75187c8,Male,1943-1-28,78,70 -79,,28981.4,20K - 30K,Separated,,TOR HYD ELEC PZ9899,89.3,2018-7-03,Bills and Utilities,532,DDA,2018-3-1,3522.81,CAD
fe51c153-fbec-4b64-9b00-2530035ef0e1_b66b6077-4c6e-4e9f-b228-5761c75187c8,Male,1943-1-28,78,70 -79,,28981.4,20K - 30K,Separated,,TOR HYD ELEC PZ9899,89.3,2018-7-03,Bills and Utilities,532,SDA,2018-3-1,11592.56,CAD
fe51c153-fbec-4b64-9b00-2530035ef0e1_65d4b89f-7343-4507-91ca-6c5d3df2561d,Female,1979-2-28,42,40 - 49,fulltime,31546,30K - 40K,Married,With Spouse,ADP PMT 89887511,1213.31,2018-7-12,Income,1584,DDA,2018-3-1,8685.09,CAD
fe51c153-fbec-4b64-9b00-2530035ef0e1_65d4b89f-7343-4507-91ca-6c5d3df2561d,Female,1979-2-28,42,40 - 49,fulltime,31546,30K - 40K,Married,With Spouse,ADP PMT 89887511,1213.31,2018-7-12,Income,1584,SDA,2018-3-1,12818.4,CAD
fe51c153-fbec-4b64-9b00-2530035ef0e1_70248bc5-b678-4329-bd3b-6f2828f1f709,Male,1992-2-29,29,20 - 29,parttime,10590.36,10K - 20K,Single,With Parent,NSF FEE,48,2018-6-30,Transfer,1195,DDA,2018-3-1,7586.71,CAD
fe51c153-fbec-4b64-9b00-2530035ef0e1_70248bc5-b678-4329-bd3b-6f2828f1f709,Male,1992-2-29,29,20 - 29,parttime,10590.36,10K - 20K,Single,With Parent,NSF FEE,48,2018-6-30,Transfer,1195,SDA,2018-3-1,4286.14,CAD
fe51c153-fbec-4b64-9b00-2530035ef0e1_51f5b02d-97aa-4d5b-9eda-20f7e0652ee1,Female,1999-6-9,22,20 - 29,,0,Below 10K,Single,With Parent,OLD NAVY 9193,24,2018-7-21,Shopping,1580,DDA,2018-3-1,103.08,CAD
fe51c153-fbec-4b64-9b00-2530035ef0e1_51f5b02d-97aa-4d5b-9eda-20f7e0652ee1,Female,1999-6-9,22,20 - 29,,0,Below 10K,Single,With Parent,TIM HORTONS #582 _F,5.28,2018-9-07,Food and Dining,1580,DDA,2018-3-1,103.08,CAD
fe51c153-fbec-4b64-9b00-2530035ef0e1_51f5b02d-97aa-4d5b-9eda-20f7e0652ee1,Female,1999-6-9,22,20 - 29,,0,Below 10K,Single,With Parent,OLD NAVY 9193,24,2018-7-21,Shopping,1580,SDA,2018-3-1,65.08,CAD
fe51c153-fbec-4b64-9b00-2530035ef0e1_51f5b02d-97aa-4d5b-9eda-20f7e0652ee1,Female,1999-6-9,22,20 - 29,,0,Below 10K,Single,With Parent,TIM HORTONS #582 _F,5.28,2018-9-07,Food and Dining,1580,SDA,2018-3-1,65.08,CAD
fe51c153-fbec-4b64-9b00-2530035ef0e1_16c5ec47-eecb-4d54-a9c2-fc2e36403e89,Female,1931-11-22,90,Above 80,,86052.4,80K - 90K,Widowed,Group,EMAIL TFR C2***ZnS,51,2018-6-15,Transfer,32,DDA,2018-3-1,88276.62,CAD
fe51c153-fbec-4b64-9b00-2530035ef0e1_16c5ec47-eecb-4d54-a9c2-fc2e36403e89,Female,1931-11-22,90,Above 80,,86052.4,80K - 90K,Widowed,Group,EMAIL TFR C2***ZnS,51,2018-6-15,Transfer,32,SDA,2018-3-1,34620.96,CAD
fe51c153-fbec-4b64-9b00-2530035ef0e1_e8ca5ce0-a105-4fc0-9dbe-2a269e855950,Other,1973-1-30,48,40 - 49,fulltime,115128.2,Above 100K,Separated,With Parent,E TFR C0***Mse,43,2018-8-08,Transfer,507,DDA,2018-3-1,87800.88,CAD
fe51c153-fbec-4b64-9b00-2530035ef0e1_e8ca5ce0-a105-4fc0-9dbe-2a269e855950,Other,1973-1-30,48,40 - 49,fulltime,115128.2,Above 100K,Separated,With Parent,E TFR C0***Mse,43,2018-8-08,Transfer,507,SDA,2018-3-1,46101.28,CAD
fe51c153-fbec-4b64-9b00-2530035ef0e1_a732785f-45e7-407a-b833-9e3a83a3f3bb,Female,2001-1-28,20,20 - 29,,0,Below 10K,Single,With Parent,E TFR C0***zao,30,2018-6-26,Transfer,607,DDA,2018-3-1,22.92,CAD
fe51c153-fbec-4b64-9b00-2530035ef0e1_a732785f-45e7-407a-b833-9e3a83a3f3bb,Female,2001-1-28,20,20 - 29,,0,Below 10K,Single,With Parent,E TFR C0***zao,30,2018-6-26,Transfer,607,SDA,2018-3-1,134.22,CAD
fe51c153-fbec-4b64-9b00-2530035ef0e1_35a08194-8a3d-4a2b-81fc-972d30cf6429,Female,1990-4-3,31,30 - 39,parttime,16748.49,10K - 20K,Single,With Spouse,ADP PMT 88269935,644.17,2018-5-17,Income,1857,DDA,2018-3-1,8531.45,CAD
fe51c153-fbec-4b64-9b00-2530035ef0e1_35a08194-8a3d-4a2b-81fc-972d30cf6429,Female,1990-4-3,31,30 - 39,parttime,16748.49,10K - 20K,Single,With Spouse,ADP PMT 88269935,644.17,2018-5-17,Income,1857,SDA,2018-3-1,6899.4,CAD
fe51c153-fbec-4b64-9b00-2530035ef0e1_1d8ed6e0-ff3e-4f0d-9442-dcb94e88025a,Female,1997-11-23,24,20 - 29,fulltime,24129.27,20K - 30K,Single,,ADP PMT 71843299,1923.08,2018-5-31,Income,1800,DDA,2018-3-1,31421.76,CAD
fe51c153-fbec-4b64-9b00-2530035ef0e1_1d8ed6e0-ff3e-4f0d-9442-dcb94e88025a,Female,1997-11-23,24,20 - 29,fulltime,24129.27,20K - 30K,Single,,ADP PMT 71843299,1923.08,2018-5-31,Income,1800,SDA,2018-3-1,9651.7,CAD
fe51c153-fbec-4b64-9b00-2530035ef0e1_8f47e887-ab21-4e30-8090-e4dd81f531e5,Female,1974-6-8,47,40 - 49,fulltime,37039.2,30K - 40K,Divorced,Group,CHQ#000441-1948586825,0,2018-9-04,Mortgage and Rent,12082,DDA,2018-3-1,21399.23,CAD
fe51c153-fbec-4b64-9b00-2530035ef0e1_8f47e887-ab21-4e30-8090-e4dd81f531e5,Female,1974-6-8,47,40 - 49,fulltime,37039.2,30K - 40K,Divorced,Group,CHQ#000441-1948586825,0,2018-9-04,Mortgage and Rent,12082,SDA,2018-3-1,15015.68,CAD
fe51c153-fbec-4b64-9b00-2530035ef0e1_333952f3-81e5-479f-a223-2b5a0fabbbd8,Male,1993-12-25,28,20 - 29,,0,Below 10K,Single,With Parent,E TFR C0***AHF,52,2018-10-12,Transfer,335,DDA,2018-3-1,1471.51,CAD
fe51c153-fbec-4b64-9b00-2530035ef0e1_333952f3-81e5-479f-a223-2b5a0fabbbd8,Male,1993-12-25,28,20 - 29,,0,Below 10K,Single,With Parent,E TFR C0***AHF,52,2018-10-12,Transfer,335,SDA,2018-3-1,117.02,CAD
fe51c153-fbec-4b64-9b00-2530035ef0e1_402dbd46-b0d4-4c93-b1c1-2ba76d32230d,Female,1997-8-16,24,20 - 29,fulltime,48213.33,40K - 50K,Single,,ADP PMT 49889495,1923.08,2018-10-18,Income,1968,DDA,2018-3-1,29452.19,CAD
fe51c153-fbec-4b64-9b00-2530035ef0e1_402dbd46-b0d4-4c93-b1c1-2ba76d32230d,Female,1997-8-16,24,20 - 29,fulltime,48213.33,40K - 50K,Single,,ADP PMT 49889495,1923.08,2018-10-18,Income,1968,SDA,2018-3-1,19285.34,CAD
fe51c153-fbec-4b64-9b00-2530035ef0e1_c4e480cb-6e00-4a7b-928f-56b2280cbf5c,Other,1966-1-28,55,50 - 59,fulltime,96984.1,90K - 100K,Married,With Spouse,ADP PMT 94379839,3730.16,2018-10-04,Income,1198,DDA,2018-3-1,67368.69,CAD
fe51c153-fbec-4b64-9b00-2530035ef0e1_c4e480cb-6e00-4a7b-928f-56b2280cbf5c,Other,1966-1-28,55,50 - 59,fulltime,96984.1,90K - 100K,Married,With Spouse,ADP PMT 94379839,3730.16,2018-10-04,Income,1198,SDA,2018-3-1,38993.64,CAD
fe51c153-fbec-4b64-9b00-2530035ef0e1_981fa431-f4af-4877-b429-228a851fab80,Male,1996-10-21,25,20 - 29,parttime,15695.79,10K - 20K,Single,With Parent,ADP PMT 98930808,6278.32,2018-3-01,Income,1354,DDA,2018-3-1,12215.43,CAD
fe51c153-fbec-4b64-9b00-2530035ef0e1_981fa431-f4af-4877-b429-228a851fab80,Male,1996-10-21,25,20 - 29,parttime,15695.79,10K - 20K,Single,With Parent,ADP PMT 98930808,6278.32,2018-3-01,Income,1354,SDA,2018-3-1,6328.32,CAD
fe51c153-fbec-4b64-9b00-2530035ef0e1_3a5852d2-3fb6-432f-96b6-afc5475e7fdc,Female,1964-4-5,57,50 - 59,parttime,32065.45,30K - 40K,Married,With Spouse,Amazon`ca,46.82,2018-10-09,Shopping,1080,DDA,2018-3-1,8665.43,CAD
fe51c153-fbec-4b64-9b00-2530035ef0e1_3a5852d2-3fb6-432f-96b6-afc5475e7fdc,Female,1964-4-5,57,50 - 59,parttime,32065.45,30K - 40K,Married,With Spouse,BELL CANADA D9N8A3,99.7,2018-5-21,Bills and Utilities,1080,DDA,2018-3-1,8665.43,CAD
fe51c153-fbec-4b64-9b00-2530035ef0e1_3a5852d2-3fb6-432f-96b6-afc5475e7fdc,Female,1964-4-5,57,50 - 59,parttime,32065.45,30K - 40K,Married,With Spouse,Amazon`ca,46.82,2018-10-09,Shopping,1080,SDA,2018-3-1,13026.18,CAD
fe51c153-fbec-4b64-9b00-2530035ef0e1_3a5852d2-3fb6-432f-96b6-afc5475e7fdc,Female,1964-4-5,57,50 - 59,parttime,32065.45,30K - 40K,Married,With Spouse,BELL CANADA D9N8A3,99.7,2018-5-21,Bills and Utilities,1080,SDA,2018-3-1,13026.18,CAD
fe51c153-fbec-4b64-9b00-2530035ef0e1_a29e74c8-92d1-46ae-8347-1fc2a4372e30,Female,2004-1-30,17,Below 20,,0,Below 10K,Single,With Parent,H&M CA #905 - TORONTO,21.66,2018-6-04,Shopping,153,DDA,2018-3-1,14.22,CAD
fe51c153-fbec-4b64-9b00-2530035ef0e1_a29e74c8-92d1-46ae-8347-1fc2a4372e30,Female,2004-1-30,17,Below 20,,0,Below 10K,Single,With Parent,H&M CA #905 - TORONTO,21.66,2018-6-04,Shopping,153,SDA,2018-3-1,108.94,CAD
fe51c153-fbec-4b64-9b00-2530035ef0e1_0cd2a306-dd5f-483b-b59b-5f796c78b2d4,Male,2004-7-13,17,Below 20,,0,Below 10K,Single,With Parent,TIM HORTONS #188 _F,4.27,2018-5-10,Food and Dining,12684,DDA,2018-3-1,14.27,CAD
fe51c153-fbec-4b64-9b00-2530035ef0e1_0cd2a306-dd5f-483b-b59b-5f796c78b2d4,Male,2004-7-13,17,Below 20,,0,Below 10K,Single,With Parent,TIM HORTONS #188 _F,4.27,2018-5-10,Food and Dining,12684,SDA,2018-3-1,102.58,CAD
fe51c153-fbec-4b64-9b00-2530035ef0e1_e35962a7-5360-448b-9344-26af5ba175d9,Other,1963-10-20,58,50 - 59,fulltime,74095.65,60K - 70K,Married,With Spouse,CHQ#000125-9857702994,0,2018-10-01,Mortgage and Rent,543,DDA,2018-3-1,49208.38,CAD
fe51c153-fbec-4b64-9b00-2530035ef0e1_e35962a7-5360-448b-9344-26af5ba175d9,Other,1963-10-20,58,50 - 59,fulltime,74095.65,60K - 70K,Married,With Spouse,CHQ#000125-9857702994,0,2018-10-01,Mortgage and Rent,543,SDA,2018-3-1,29838.26,CAD
fe51c153-fbec-4b64-9b00-2530035ef0e1_f4dbce68-43e7-4375-9bc0-d6fd8f2472d8,Male,1988-1-30,33,30 - 39,fulltime,23095.38,20K - 30K,Single,Group,CHQ#000476-1858864935,2625,2018-6-01,Mortgage and Rent,1354,DDA,2018-3-1,1783.5,CAD
fe51c153-fbec-4b64-9b00-2530035ef0e1_f4dbce68-43e7-4375-9bc0-d6fd8f2472d8,Male,1988-1-30,33,30 - 39,fulltime,23095.38,20K - 30K,Single,Group,CHQ#000476-1858864935,2625,2018-6-01,Mortgage and Rent,1354,SDA,2018-3-1,9438.16,CAD
fe51c153-fbec-4b64-9b00-2530035ef0e1_eb0a811c-d59b-484f-bcc1-e110d7edfeb6,Male,2001-8-15,20,20 - 29,,0,Below 10K,Single,With Parent,EMAIL TFR C0***NZq,29,2018-8-14,Transfer,193,DDA,2018-3-1,17.44,CAD
fe51c153-fbec-4b64-9b00-2530035ef0e1_eb0a811c-d59b-484f-bcc1-e110d7edfeb6,Male,2001-8-15,20,20 - 29,,0,Below 10K,Single,With Parent,EMAIL TFR C0***NZq,29,2018-8-14,Transfer,193,SDA,2018-3-1,34.8,CAD
fe51c153-fbec-4b64-9b00-2530035ef0e1_a6ea99c4-8f30-4276-b7cc-e2db56557dcb,Male,1967-4-5,54,50 - 59,fulltime,89786.25,80K - 90K,Single,,CHQ#000114-3492899971,0,2018-8-01,Mortgage and Rent,324,DDA,2018-3-1,15048.22,CAD
fe51c153-fbec-4b64-9b00-2530035ef0e1_a6ea99c4-8f30-4276-b7cc-e2db56557dcb,Male,1967-4-5,54,50 - 59,fulltime,89786.25,80K - 90K,Single,,CHQ#000114-3492899971,0,2018-8-01,Mortgage and Rent,324,SDA,2018-3-1,35914.5,CAD
fe51c153-fbec-4b64-9b00-2530035ef0e1_731bd3ac-7c78-4445-a204-70d222ccc7e8,Male,2000-9-18,21,20 - 29,,0,Below 10K,Single,With Parent,STARBUCKS #4276,5.91,2018-5-04,Food and Dining,255,DDA,2018-3-1,41.6,CAD
fe51c153-fbec-4b64-9b00-2530035ef0e1_731bd3ac-7c78-4445-a204-70d222ccc7e8,Male,2000-9-18,21,20 - 29,,0,Below 10K,Single,With Parent,STARBUCKS #4276,5.91,2018-5-04,Food and Dining,255,SDA,2018-3-1,147.78,CAD
fe51c153-fbec-4b64-9b00-2530035ef0e1_6ea21394-2bd1-45dc-bfc4-6d4d09932f22,Male,1988-6-10,33,30 - 39,fulltime,30338.55,30K - 40K,Single,,TORONTO TAX  O83349,1425,2018-4-02,Taxes,1592,DDA,2018-3-1,8881.84,CAD
fe51c153-fbec-4b64-9b00-2530035ef0e1_6ea21394-2bd1-45dc-bfc4-6d4d09932f22,Male,1988-6-10,33,30 - 39,fulltime,30338.55,30K - 40K,Single,,TORONTO TAX  O83349,1425,2018-4-02,Taxes,1592,SDA,2018-3-1,12135.42,CAD
fe51c153-fbec-4b64-9b00-2530035ef0e1_0c4ca755-27aa-4ca2-9927-1c08106011b6,Female,1945-4-3,76,70 -79,,10067.4,10K - 20K,Married,With Spouse,EMAIL TFR C2***eyI,22,2018-4-10,Transfer,607,DDA,2018-3-1,1097.94,CAD
fe51c153-fbec-4b64-9b00-2530035ef0e1_0c4ca755-27aa-4ca2-9927-1c08106011b6,Female,1945-4-3,76,70 -79,,10067.4,10K - 20K,Married,With Spouse,EMAIL TFR C2***eyI,22,2018-4-10,Transfer,607,SDA,2018-3-1,4026.96,CAD
fe51c153-fbec-4b64-9b00-2530035ef0e1_cea806d1-3f00-43b8-b31a-8ddba602dfee,Male,1945-5-8,76,70 -79,,222653.2,Above 100K,Divorced,,BULLFROG PWR C9SU5I,42.39,2018-9-28,Bills and Utilities,1952,DDA,2018-3-1,19662.33,CAD
fe51c153-fbec-4b64-9b00-2530035ef0e1_cea806d1-3f00-43b8-b31a-8ddba602dfee,Male,1945-5-8,76,70 -79,,222653.2,Above 100K,Divorced,,BULLFROG PWR C9SU5I,42.39,2018-9-28,Bills and Utilities,1952,SDA,2018-3-1,89061.28,CAD
fe51c153-fbec-4b64-9b00-2530035ef0e1_f90b3593-54d5-4a37-a47e-210bd45d6695,Male,1955-12-27,66,60 - 69,fulltime,109799.1,Above 100K,Divorced,,VOICE NETWORK INC.,80.13,2018-7-30,Bills and Utilities,1760,DDA,2018-3-1,17981.14,CAD
fe51c153-fbec-4b64-9b00-2530035ef0e1_f90b3593-54d5-4a37-a47e-210bd45d6695,Male,1955-12-27,66,60 - 69,fulltime,109799.1,Above 100K,Divorced,,VOICE NETWORK INC.,80.13,2018-7-30,Bills and Utilities,1760,SDA,2018-3-1,43919.64,CAD
fe51c153-fbec-4b64-9b00-2530035ef0e1_c40ba0d6-8cb6-4b03-9bf4-285e3dc31c95,Female,1964-5-8,57,50 - 59,fulltime,55204.6,50K - 60K,Widowed,Group,ROGERS CABLE Q7Z8F9,89.74,2018-7-27,Bills and Utilities,1736,DDA,2018-3-1,10537.92,CAD
fe51c153-fbec-4b64-9b00-2530035ef0e1_c40ba0d6-8cb6-4b03-9bf4-285e3dc31c95,Female,1964-5-8,57,50 - 59,fulltime,55204.6,50K - 60K,Widowed,Group,ROGERS CABLE Q7Z8F9,89.74,2018-7-27,Bills and Utilities,1736,SDA,2018-3-1,22281.84,CAD
fe51c153-fbec-4b64-9b00-2530035ef0e1_b485d65d-cd29-414b-8a63-0b0250fda046,Female,1947-11-23,74,70 -79,fulltime,36730.8,30K - 40K,Married,With Spouse,MTG CO 804988967,621.18,2018-6-08,Transfer,1795,DDA,2018-3-1,15595.92,CAD
fe51c153-fbec-4b64-9b00-2530035ef0e1_b485d65d-cd29-414b-8a63-0b0250fda046,Female,1947-11-23,74,70 -79,fulltime,36730.8,30K - 40K,Married,With Spouse,MTG CO 804988967,621.18,2018-6-08,Transfer,1795,SDA,2018-3-1,14892.32,CAD
fe51c153-fbec-4b64-9b00-2530035ef0e1_5f7761cf-090a-468e-b198-f08f05dc5cf3,Male,1933-9-17,88,Above 80,,15360.8,10K - 20K,Married,With Spouse,E TFR  C0***tzU,50,2018-7-03,Transfer,1580,DDA,2018-3-1,1729.07,CAD
fe51c153-fbec-4b64-9b00-2530035ef0e1_5f7761cf-090a-468e-b198-f08f05dc5cf3,Male,1933-9-17,88,Above 80,,15360.8,10K - 20K,Married,With Spouse,E TFR  C0***tzU,50,2018-7-03,Transfer,1580,SDA,2018-3-1,6144.32,CAD
fe51c153-fbec-4b64-9b00-2530035ef0e1_65463e4b-9f23-47d3-98e0-4ca9c5bd70a4,Male,1967-1-29,54,50 - 59,fulltime,66894.35,60K - 70K,Married,With Spouse,ADP PMT 27942859,2572.86,2018-7-12,Income,374,DDA,2018-3-1,33716.41,CAD
fe51c153-fbec-4b64-9b00-2530035ef0e1_65463e4b-9f23-47d3-98e0-4ca9c5bd70a4,Male,1967-1-29,54,50 - 59,fulltime,66894.35,60K - 70K,Married,With Spouse,CHQ#000071-9918291532,2594,2018-5-01,Mortgage and Rent,374,DDA,2018-3-1,33716.41,CAD
fe51c153-fbec-4b64-9b00-2530035ef0e1_65463e4b-9f23-47d3-98e0-4ca9c5bd70a4,Male,1967-1-29,54,50 - 59,fulltime,66894.35,60K - 70K,Married,With Spouse,ADP PMT 27942859,2572.86,2018-7-12,Income,374,SDA,2018-3-1,26957.74,CAD
fe51c153-fbec-4b64-9b00-2530035ef0e1_65463e4b-9f23-47d3-98e0-4ca9c5bd70a4,Male,1967-1-29,54,50 - 59,fulltime,66894.35,60K - 70K,Married,With Spouse,CHQ#000071-9918291532,2594,2018-5-01,Mortgage and Rent,374,SDA,2018-3-1,26957.74,CAD
fe51c153-fbec-4b64-9b00-2530035ef0e1_aef389f4-a898-427c-9905-5eaf3f49fe09,Male,1984-12-26,37,30 - 39,fulltime,59144,50K - 60K,Single,Group,ADP PMT 31890590,2274.77,2018-8-23,Income,1672,DDA,2018-3-1,16889.74,CAD
fe51c153-fbec-4b64-9b00-2530035ef0e1_aef389f4-a898-427c-9905-5eaf3f49fe09,Male,1984-12-26,37,30 - 39,fulltime,59144,50K - 60K,Single,Group,ADP PMT 31890590,2274.77,2018-8-23,Income,1672,SDA,2018-3-1,23857.6,CAD
fe51c153-fbec-4b64-9b00-2530035ef0e1_a2e21360-fcde-4ae2-b971-7a11d6d28e20,Female,1990-4-3,31,30 - 39,parttime,11145.75,10K - 20K,Married,With Spouse,TORONTO TAX  D78341,1322,2018-5-01,Taxes,328,DDA,2018-3-1,1245.09,CAD
fe51c153-fbec-4b64-9b00-2530035ef0e1_a2e21360-fcde-4ae2-b971-7a11d6d28e20,Female,1990-4-3,31,30 - 39,parttime,11145.75,10K - 20K,Married,With Spouse,TORONTO TAX  D78341,1322,2018-5-01,Taxes,328,SDA,2018-3-1,4458.3,CAD
fe51c153-fbec-4b64-9b00-2530035ef0e1_0dff691b-ffab-4a12-a6ca-e647d28c8b00,Female,1997-4-3,24,20 - 29,parttime,3600.96,Below 10K,Single,With Parent,ADP PMT 55095988,138.5,2018-5-03,Income,12934,DDA,2018-3-1,2920.85,CAD
fe51c153-fbec-4b64-9b00-2530035ef0e1_0dff691b-ffab-4a12-a6ca-e647d28c8b00,Female,1997-4-3,24,20 - 29,parttime,3600.96,Below 10K,Single,With Parent,ADP PMT 55095988,138.5,2018-5-03,Income,12934,SDA,2018-3-1,1490.38,CAD
fe51c153-fbec-4b64-9b00-2530035ef0e1_3acefbb1-740d-4df6-81e5-bc1a793b3c6c,Male,1953-6-9,68,60 - 69,fulltime,84569,80K - 90K,Married,With Spouse,MMA TFR-FR 3055805,67.77,2018-8-02,Transfer,507,DDA,2018-3-1,47191.27,CAD
fe51c153-fbec-4b64-9b00-2530035ef0e1_3acefbb1-740d-4df6-81e5-bc1a793b3c6c,Male,1953-6-9,68,60 - 69,fulltime,84569,80K - 90K,Married,With Spouse,MMA TFR-FR 3055805,67.77,2018-8-02,Transfer,507,SDA,2018-3-1,34027.6,CAD
fe51c153-fbec-4b64-9b00-2530035ef0e1_994bafdf-a40c-4e5b-9c21-5756bf5d2df7,Female,1997-9-17,24,20 - 29,fulltime,30976.77,30K - 40K,Single,Group,ADP PMT 83838956,1191.41,2018-5-31,Income,87,DDA,2018-3-1,2158.04,CAD
fe51c153-fbec-4b64-9b00-2530035ef0e1_994bafdf-a40c-4e5b-9c21-5756bf5d2df7,Female,1997-9-17,24,20 - 29,fulltime,30976.77,30K - 40K,Single,Group,ADP PMT 83838956,1191.41,2018-5-31,Income,87,SDA,2018-3-1,12590.7,CAD
fe51c153-fbec-4b64-9b00-2530035ef0e1_d3fbe155-4e85-4386-b1f1-099ec5719d88,Male,1935-9-17,86,Above 80,,17325,10K - 20K,Married,With Spouse,EmTFR  C1***bvZ,200,2018-4-03,Transfer,329,DDA,2018-3-1,1648.12,CAD
fe51c153-fbec-4b64-9b00-2530035ef0e1_d3fbe155-4e85-4386-b1f1-099ec5719d88,Male,1935-9-17,86,Above 80,,17325,10K - 20K,Married,With Spouse,EmTFR  C1***bvZ,200,2018-4-03,Transfer,329,SDA,2018-3-1,7130,CAD
fe51c153-fbec-4b64-9b00-2530035ef0e1_a51a18bc-eedf-44e1-bc3c-8e7855671004,Female,1981-12-25,40,40 - 49,fulltime,43575,40K - 50K,Married,With Spouse,ZY580 TFR-TO C/C,908.52,2018-5-01,Transfer,11679,DDA,2018-3-1,19948.08,CAD
fe51c153-fbec-4b64-9b00-2530035ef0e1_a51a18bc-eedf-44e1-bc3c-8e7855671004,Female,1981-12-25,40,40 - 49,fulltime,43575,40K - 50K,Married,With Spouse,ZY580 TFR-TO C/C,908.52,2018-5-01,Transfer,11679,SDA,2018-3-1,17630,CAD
fe51c153-fbec-4b64-9b00-2530035ef0e1_d32af736-02c6-4216-aea5-409919921e32,Male,1998-5-8,23,20 - 29,fulltime,21496.53,20K - 30K,Single,,TIM HORTONS #629 _F,7.26,2018-5-24,Food and Dining,1584,DDA,2018-3-1,10800.01,CAD
fe51c153-fbec-4b64-9b00-2530035ef0e1_d32af736-02c6-4216-aea5-409919921e32,Male,1998-5-8,23,20 - 29,fulltime,21496.53,20K - 30K,Single,,TIM HORTONS #629 _F,6.94,2018-7-03,Food and Dining,1584,DDA,2018-3-1,10800.01,CAD
fe51c153-fbec-4b64-9b00-2530035ef0e1_d32af736-02c6-4216-aea5-409919921e32,Male,1998-5-8,23,20 - 29,fulltime,21496.53,20K - 30K,Single,,TIM HORTONS #629 _F,2.89,2018-5-31,Food and Dining,1584,DDA,2018-3-1,10800.01,CAD
fe51c153-fbec-4b64-9b00-2530035ef0e1_d32af736-02c6-4216-aea5-409919921e32,Male,1998-5-8,23,20 - 29,fulltime,21496.53,20K - 30K,Single,,TIM HORTONS #709 _F,2.09,2018-6-13,Food and Dining,1584,DDA,2018-3-1,10800.01,CAD
fe51c153-fbec-4b64-9b00-2530035ef0e1_d32af736-02c6-4216-aea5-409919921e32,Male,1998-5-8,23,20 - 29,fulltime,21496.53,20K - 30K,Single,,TIM HORTONS #629 _F,7.26,2018-5-24,Food and Dining,1584,SDA,2018-3-1,8598.62,CAD
fe51c153-fbec-4b64-9b00-2530035ef0e1_d32af736-02c6-4216-aea5-409919921e32,Male,1998-5-8,23,20 - 29,fulltime,21496.53,20K - 30K,Single,,TIM HORTONS #629 _F,6.94,2018-7-03,Food and Dining,1584,SDA,2018-3-1,8598.62,CAD
fe51c153-fbec-4b64-9b00-2530035ef0e1_d32af736-02c6-4216-aea5-409919921e32,Male,1998-5-8,23,20 - 29,fulltime,21496.53,20K - 30K,Single,,TIM HORTONS #629 _F,2.89,2018-5-31,Food and Dining,1584,SDA,2018-3-1,8598.62,CAD
fe51c153-fbec-4b64-9b00-2530035ef0e1_d32af736-02c6-4216-aea5-409919921e32,Male,1998-5-8,23,20 - 29,fulltime,21496.53,20K - 30K,Single,,TIM HORTONS #709 _F,2.09,2018-6-13,Food and Dining,1584,SDA,2018-3-1,8598.62,CAD
fe51c153-fbec-4b64-9b00-2530035ef0e1_cbcc5066-0ae3-42ec-8157-306cc1faa306,Female,1986-1-28,35,30 - 39,fulltime,61278,60K - 70K,Married,With Spouse,ADP PMT 64985990,2356.85,2018-10-04,Income,31,DDA,2018-3-1,31618.31,CAD
fe51c153-fbec-4b64-9b00-2530035ef0e1_cbcc5066-0ae3-42ec-8157-306cc1faa306,Female,1986-1-28,35,30 - 39,fulltime,61278,60K - 70K,Married,With Spouse,ADP PMT 64985990,2356.85,2018-10-04,Income,31,SDA,2018-3-1,24711.2,CAD
fe51c153-fbec-4b64-9b00-2530035ef0e1_f70f0abe-1dd1-42c0-8653-52e858643df7,Female,1965-9-16,56,50 - 59,fulltime,108607.15,Above 100K,Separated,,BELL CANADA T8E4B6,80.66,2018-8-20,Bills and Utilities,1246,DDA,2018-3-1,18019.26,CAD
fe51c153-fbec-4b64-9b00-2530035ef0e1_f70f0abe-1dd1-42c0-8653-52e858643df7,Female,1965-9-16,56,50 - 59,fulltime,108607.15,Above 100K,Separated,,BELL CANADA T8E4B6,80.66,2018-8-20,Bills and Utilities,1246,SDA,2018-3-1,43442.86,CAD
fe51c153-fbec-4b64-9b00-2530035ef0e1_52078775-9777-41cf-b044-e30655ad3238,Male,1936-4-5,85,Above 80,,20140.4,20K - 30K,Married,With Spouse,PROP  3288880 INS,76.35,2018-10-01,Bills and Utilities,677,DDA,2018-3-1,1265.58,CAD
fe51c153-fbec-4b64-9b00-2530035ef0e1_52078775-9777-41cf-b044-e30655ad3238,Male,1936-4-5,85,Above 80,,20140.4,20K - 30K,Married,With Spouse,PROP  3288880 INS,76.35,2018-10-01,Bills and Utilities,677,SDA,2018-3-1,8256.16,CAD
fe51c153-fbec-4b64-9b00-2530035ef0e1_1f1cfe19-86f6-43b5-a888-3acb5eddab02,Female,1972-11-23,49,40 - 49,fulltime,365126.3,Above 100K,Single,Group,EMAIL TFR C2***MXR,22,2018-6-13,Transfer,337,DDA,2018-3-1,249083.28,CAD
fe51c153-fbec-4b64-9b00-2530035ef0e1_1f1cfe19-86f6-43b5-a888-3acb5eddab02,Female,1972-11-23,49,40 - 49,fulltime,365126.3,Above 100K,Single,Group,EMAIL TFR C2***MXR,22,2018-6-13,Transfer,337,SDA,2018-3-1,146250.52,CAD
fe51c153-fbec-4b64-9b00-2530035ef0e1_b73046be-ebc5-4dfa-af91-888446f2c2e8,Female,2001-10-22,20,20 - 29,,0,Below 10K,Single,With Parent,TIM HORTONS #892 _F,1.69,2018-9-07,Food and Dining,658,DDA,2018-3-1,46.17,CAD
fe51c153-fbec-4b64-9b00-2530035ef0e1_b73046be-ebc5-4dfa-af91-888446f2c2e8,Female,2001-10-22,20,20 - 29,,0,Below 10K,Single,With Parent,TIM HORTONS #892 _F,1.69,2018-9-07,Food and Dining,658,SDA,2018-3-1,13.1,CAD
fe51c153-fbec-4b64-9b00-2530035ef0e1_49f09068-024b-4c9f-8174-e5c9043e0270,Other,1973-2-28,48,40 - 49,fulltime,41486.5,40K - 50K,Married,With Spouse,ADP PMT 98708888,1595.63,2018-6-28,Income,607,DDA,2018-3-1,18611.38,CAD
fe51c153-fbec-4b64-9b00-2530035ef0e1_49f09068-024b-4c9f-8174-e5c9043e0270,Other,1973-2-28,48,40 - 49,fulltime,41486.5,40K - 50K,Married,With Spouse,ADP PMT 98708888,1595.63,2018-6-28,Income,607,SDA,2018-3-1,16794.6,CAD
fe51c153-fbec-4b64-9b00-2530035ef0e1_52140c3f-3223-4bf8-8407-c9fbe3cacae2,Male,2002-7-13,19,Below 20,,0,Below 10K,Single,With Parent,NSF FEE,48,2018-4-30,Transfer,1800,DDA,2018-3-1,23.21,CAD
fe51c153-fbec-4b64-9b00-2530035ef0e1_52140c3f-3223-4bf8-8407-c9fbe3cacae2,Male,2002-7-13,19,Below 20,,0,Below 10K,Single,With Parent,NSF FEE,48,2018-4-30,Transfer,1800,SDA,2018-3-1,0,CAD
fe51c153-fbec-4b64-9b00-2530035ef0e1_7747953b-3cfa-4147-9cdf-98c1d3e694df,Male,1985-7-13,36,30 - 39,fulltime,30813,30K - 40K,Married,With Spouse,AUTO 9849599 INS,83.4,2018-8-09,Bills and Utilities,12934,DDA,2018-3-1,6983.8,CAD
fe51c153-fbec-4b64-9b00-2530035ef0e1_7747953b-3cfa-4147-9cdf-98c1d3e694df,Male,1985-7-13,36,30 - 39,fulltime,30813,30K - 40K,Married,With Spouse,AUTO 9849599 INS,83.4,2018-8-09,Bills and Utilities,12934,SDA,2018-3-1,12525.2,CAD
fe51c153-fbec-4b64-9b00-2530035ef0e1_b4de4ec8-092f-4bbf-94fb-845a8b94eb22,Female,1963-6-9,58,50 - 59,parttime,22797.6,20K - 30K,Married,With Spouse,E TFR C2***ZMQ,55,2018-4-18,Transfer,1704,DDA,2018-3-1,9211.41,CAD
fe51c153-fbec-4b64-9b00-2530035ef0e1_b4de4ec8-092f-4bbf-94fb-845a8b94eb22,Female,1963-6-9,58,50 - 59,parttime,22797.6,20K - 30K,Married,With Spouse,E TFR C2***ZMQ,55,2018-4-18,Transfer,1704,SDA,2018-3-1,9319.04,CAD
fe51c153-fbec-4b64-9b00-2530035ef0e1_308e5627-2792-41f7-8704-a54023597f7e,Female,1995-4-3,26,20 - 29,parttime,6095.1,Below 10K,Single,With Parent,E TFR C0***HIv,38,2018-9-20,Transfer,335,DDA,2018-3-1,4658.33,CAD
fe51c153-fbec-4b64-9b00-2530035ef0e1_308e5627-2792-41f7-8704-a54023597f7e,Female,1995-4-3,26,20 - 29,parttime,6095.1,Below 10K,Single,With Parent,E TFR C0***HIv,38,2018-9-20,Transfer,335,SDA,2018-3-1,2488.04,CAD
fe51c153-fbec-4b64-9b00-2530035ef0e1_386bbd5c-8eb9-439a-bd4d-5a56f1c78661,Female,1967-5-8,54,50 - 59,fulltime,69486.45,60K - 70K,Married,With Spouse,EMAIL TFR C2***wVr,27,2018-10-19,Transfer,1923,DDA,2018-3-1,32681.39,CAD
fe51c153-fbec-4b64-9b00-2530035ef0e1_386bbd5c-8eb9-439a-bd4d-5a56f1c78661,Female,1967-5-8,54,50 - 59,fulltime,69486.45,60K - 70K,Married,With Spouse,EMAIL TFR C2***wVr,27,2018-10-19,Transfer,1923,SDA,2018-3-1,27994.58,CAD
fe51c153-fbec-4b64-9b00-2530035ef0e1_cc770b0d-c61a-4bb3-b79e-c18a55a6bd64,Other,1997-1-29,24,20 - 29,parttime,7874.79,Below 10K,Single,With Parent,ADP PMT 33792836,302.88,2018-8-09,Income,87,DDA,2018-3-1,5678.13,CAD
fe51c153-fbec-4b64-9b00-2530035ef0e1_cc770b0d-c61a-4bb3-b79e-c18a55a6bd64,Other,1997-1-29,24,20 - 29,parttime,7874.79,Below 10K,Single,With Parent,ADP PMT 33792836,302.88,2018-8-09,Income,87,SDA,2018-3-1,3199.92,CAD
fe51c153-fbec-4b64-9b00-2530035ef0e1_6bf634d9-77ca-4541-993f-49a0ecd767ff,Female,2001-6-10,20,20 - 29,,0,Below 10K,Single,With Parent,STARBUCKS #17340,3.11,2018-5-30,Food and Dining,1040,DDA,2018-3-1,18.95,CAD
fe51c153-fbec-4b64-9b00-2530035ef0e1_6bf634d9-77ca-4541-993f-49a0ecd767ff,Female,2001-6-10,20,20 - 29,,0,Below 10K,Single,With Parent,STARBUCKS #17340,3.11,2018-5-30,Food and Dining,1040,SDA,2018-3-1,25.68,CAD
fe51c153-fbec-4b64-9b00-2530035ef0e1_30a5cb1d-dd35-43dd-b7a4-3a5ed2ecc9d8,Female,1999-5-8,22,20 - 29,,0,Below 10K,Single,With Parent,TIM HORTONS #891 _F,7.45,2018-8-08,Food and Dining,1857,DDA,2018-3-1,159.46,CAD
fe51c153-fbec-4b64-9b00-2530035ef0e1_30a5cb1d-dd35-43dd-b7a4-3a5ed2ecc9d8,Female,1999-5-8,22,20 - 29,,0,Below 10K,Single,With Parent,TIM HORTONS #891 _F,7.45,2018-8-08,Food and Dining,1857,SDA,2018-3-1,128.78,CAD
fe51c153-fbec-4b64-9b00-2530035ef0e1_bfa63a42-30ed-4ef9-a74b-f5de38d7fb5c,Male,1959-7-12,62,60 - 69,fulltime,202904.85,Above 100K,Divorced,,PROP  9809945 INS,86.6,2018-5-01,Bills and Utilities,507,DDA,2018-3-1,15307.54,CAD
fe51c153-fbec-4b64-9b00-2530035ef0e1_bfa63a42-30ed-4ef9-a74b-f5de38d7fb5c,Male,1959-7-12,62,60 - 69,fulltime,202904.85,Above 100K,Divorced,,PROP  9809945 INS,86.6,2018-5-01,Bills and Utilities,507,SDA,2018-3-1,81161.94,CAD
fe51c153-fbec-4b64-9b00-2530035ef0e1_38cfa5eb-4edf-4ce1-9876-51fcc2f5afd6,Female,2000-12-25,21,20 - 29,,0,Below 10K,Single,With Parent,E TFR C0***zEA,30,2018-6-05,Transfer,1512,DDA,2018-3-1,31.66,CAD
fe51c153-fbec-4b64-9b00-2530035ef0e1_38cfa5eb-4edf-4ce1-9876-51fcc2f5afd6,Female,2000-12-25,21,20 - 29,,0,Below 10K,Single,With Parent,E TFR C0***zEA,30,2018-6-05,Transfer,1512,SDA,2018-3-1,26.24,CAD
fe51c153-fbec-4b64-9b00-2530035ef0e1_80f1c3d4-c3d1-4a9c-b5d9-dc58a2ab4c56,Male,1939-2-28,82,Above 80,,6090.7,Below 10K,Married,With Spouse,PROP  6353996 INS,131.02,2018-10-01,Bills and Utilities,1790,DDA,2018-3-1,242.02,CAD
fe51c153-fbec-4b64-9b00-2530035ef0e1_80f1c3d4-c3d1-4a9c-b5d9-dc58a2ab4c56,Male,1939-2-28,82,Above 80,,6090.7,Below 10K,Married,With Spouse,PROP  6353996 INS,131.02,2018-10-01,Bills and Utilities,1790,SDA,2018-3-1,2436.28,CAD
fe51c153-fbec-4b64-9b00-2530035ef0e1_4d23b150-b6e0-4770-81a5-1d56c850edb2,Other,1959-7-12,62,60 - 69,fulltime,76864.85,60K - 70K,Married,With Spouse,ADP PMT 64429288,2956.34,2018-5-31,Income,1970,DDA,2018-3-1,32144.24,CAD
fe51c153-fbec-4b64-9b00-2530035ef0e1_4d23b150-b6e0-4770-81a5-1d56c850edb2,Other,1959-7-12,62,60 - 69,fulltime,76864.85,60K - 70K,Married,With Spouse,ADP PMT 64429288,2956.34,2018-5-31,Income,1970,SDA,2018-3-1,30945.94,CAD
fe51c153-fbec-4b64-9b00-2530035ef0e1_d2421197-884e-4f7c-bcb3-8c1918d4d69f,Male,1936-12-24,85,Above 80,,74423.3,60K - 70K,Divorced,,MYRATE ENRGY MWEZLV,21.18,2018-9-24,Bills and Utilities,1336,DDA,2018-3-1,-7463.21,CAD
fe51c153-fbec-4b64-9b00-2530035ef0e1_d2421197-884e-4f7c-bcb3-8c1918d4d69f,Male,1936-12-24,85,Above 80,,74423.3,60K - 70K,Divorced,,MYRATE ENRGY MWEZLV,21.18,2018-9-24,Bills and Utilities,1336,SDA,2018-3-1,29769.32,CAD
fe51c153-fbec-4b64-9b00-2530035ef0e1_b8d5a7d6-5efe-4439-b7fc-d1153f2a6cd4,Male,1960-1-28,61,60 - 69,fulltime,45369.8,40K - 50K,Married,With Spouse,Amazonca,149.36,2018-8-08,Shopping,132,DDA,2018-3-1,19422.23,CAD
fe51c153-fbec-4b64-9b00-2530035ef0e1_b8d5a7d6-5efe-4439-b7fc-d1153f2a6cd4,Male,1960-1-28,61,60 - 69,fulltime,45369.8,40K - 50K,Married,With Spouse,Amazonca,149.36,2018-8-08,Shopping,132,SDA,2018-3-1,18347.92,CAD
fe51c153-fbec-4b64-9b00-2530035ef0e1_038a9f5c-a5c9-4425-8127-9e8eaeb8002b,Female,1982-8-16,39,30 - 39,parttime,16890,10K - 20K,Single,With Parent,ADP PMT 17988985,649.62,2018-10-04,Income,1844,DDA,2018-3-1,11761.23,CAD
fe51c153-fbec-4b64-9b00-2530035ef0e1_038a9f5c-a5c9-4425-8127-9e8eaeb8002b,Female,1982-8-16,39,30 - 39,parttime,16890,10K - 20K,Single,With Parent,EMAIL TFR C0***XOs,38,2018-7-17,Transfer,1844,DDA,2018-3-1,11761.23,CAD
fe51c153-fbec-4b64-9b00-2530035ef0e1_038a9f5c-a5c9-4425-8127-9e8eaeb8002b,Female,1982-8-16,39,30 - 39,parttime,16890,10K - 20K,Single,With Parent,ADP PMT 17988985,649.62,2018-10-04,Income,1844,SDA,2018-3-1,6806,CAD
fe51c153-fbec-4b64-9b00-2530035ef0e1_038a9f5c-a5c9-4425-8127-9e8eaeb8002b,Female,1982-8-16,39,30 - 39,parttime,16890,10K - 20K,Single,With Parent,EMAIL TFR C0***XOs,38,2018-7-17,Transfer,1844,SDA,2018-3-1,6806,CAD
fe51c153-fbec-4b64-9b00-2530035ef0e1_9742e929-dfc1-4727-bbb7-a14803084a9a,Female,2003-12-26,18,Below 20,,0,Below 10K,Single,With Parent,E TFR C0***DoK,23,2018-10-12,Transfer,1284,DDA,2018-3-1,19.29,CAD
fe51c153-fbec-4b64-9b00-2530035ef0e1_9742e929-dfc1-4727-bbb7-a14803084a9a,Female,2003-12-26,18,Below 20,,0,Below 10K,Single,With Parent,E TFR C0***DoK,23,2018-10-12,Transfer,1284,SDA,2018-3-1,92.68,CAD
fe51c153-fbec-4b64-9b00-2530035ef0e1_b05dae39-bae3-42c6-b0e3-769bfaa5d052,Female,1964-12-26,57,50 - 59,parttime,15567.55,10K - 20K,Divorced,Group,ROGERS CABLE C1L4W9,119.63,2018-6-01,Bills and Utilities,1640,DDA,2018-3-1,4121.25,CAD
fe51c153-fbec-4b64-9b00-2530035ef0e1_b05dae39-bae3-42c6-b0e3-769bfaa5d052,Female,1964-12-26,57,50 - 59,parttime,15567.55,10K - 20K,Divorced,Group,EMAIL TFR C2***oWx,53,2018-10-10,Transfer,1640,DDA,2018-3-1,4121.25,CAD
fe51c153-fbec-4b64-9b00-2530035ef0e1_b05dae39-bae3-42c6-b0e3-769bfaa5d052,Female,1964-12-26,57,50 - 59,parttime,15567.55,10K - 20K,Divorced,Group,ROGERS CABLE C1L4W9,119.63,2018-6-01,Bills and Utilities,1640,SDA,2018-3-1,6427.02,CAD
fe51c153-fbec-4b64-9b00-2530035ef0e1_b05dae39-bae3-42c6-b0e3-769bfaa5d052,Female,1964-12-26,57,50 - 59,parttime,15567.55,10K - 20K,Divorced,Group,EMAIL TFR C2***oWx,53,2018-10-10,Transfer,1640,SDA,2018-3-1,6427.02,CAD
fe51c153-fbec-4b64-9b00-2530035ef0e1_458dc8e9-9574-45ad-83d9-68f783652d71,Male,1976-10-21,45,40 - 49,,0,Below 10K,Married,With Spouse,Pay Day Loan PMT,565.07,2018-5-31,Payday Loan,1488,DDA,2018-3-1,0,CAD
fe51c153-fbec-4b64-9b00-2530035ef0e1_458dc8e9-9574-45ad-83d9-68f783652d71,Male,1976-10-21,45,40 - 49,,0,Below 10K,Married,With Spouse,Pay Day Loan PMT,565.07,2018-5-31,Payday Loan,1488,SDA,2018-3-1,0,CAD
